4,5,3,2,4,1,3,2,4,5,2,3,1,4,3,5,2,4,1,4,Biology
3,4,5,2,3,4,1,2,4,5,2,3,1,4,3,5,2,4,1,4,Biology
5,2,4,3,5,4,1,2,4,5,2,3,1,4,3,5,2,4,1,4,Biology
4,5,3,2,4,1,3,2,4,5,2,3,1,4,3,5,2,4,1,4,Biology
3,4,5,2,3,4,1,2,4,5,2,3,1,4,3,5,2,4,1,4,Biology
5,2,4,3,5,4,1,2,4,5,2,3,1,4,3,5,2,4,1,4,Biology
4,5,3,2,4,1,3,2,4,5,2,3,1,4,3,5,2,4,1,4,Biology
3,4,5,2,3,4,1,2,4,5,2,3,1,4,3,5,2,4,1,4,Biology
5,2,4,3,5,4,1,2,4,5,2,3,1,4,3,5,2,4,1,4,Biology
4,5,3,2,4,1,3,2,4,5,2,3,1,4,3,5,2,4,1,4,Biology
3,4,5,2,3,4,1,2,4,5,2,3,1,4,3,5,2,4,1,4,Biology
5,2,4,3,5,4,1,2,4,5,2,3,1,4,3,5,2,4,1,4,Biology
4,5,3,2,4,1,3,2,4,5,2,3,1,4,3,5,2,4,1,4,Biology
3,4,5,2,3,4,1,2,4,5,2,3,1,4,3,5,2,4,1,4,Biology
5,2,4,3,5,4,1,2,4,5,2,3,1,4,3,5,2,4,1,4,Biology
4,5,3,2,4,1,3,2,4,5,2,3,1,4,3,5,2,4,1,4,Biology
3,4,5,2,3,4,1,2,4,5,2,3,1,4,3,5,2,4,1,4,Biology
5,2,4,3,5,4,1,2,4,5,2,3,1,4,3,5,2,4,1,4,Biology
4,5,3,2,4,1,3,2,4,5,2,3,1,4,3,5,2,4,1,4,Biology
3,4,5,2,3,4,1,2,4,5,2,3,1,4,3,5,2,4,1,4,Biology
5,2,4,3,5,4,1,2,4,5,2,3,1,4,3,5,2,4,1,4,Biology
4,5,3,2,4,1,3,2,4,5,2,3,1,4,3,5,2,4,1,4,Biology
3,4,5,2,3,4,1,2,4,5,2,3,1,4,3,5,2,4,1,4,Biology
5,2,4,3,5,4,1,2,4,5,2,3,1,4,3,5,2,4,1,4,Biology
4,5,3,2,4,1,3,2,4,5,2,3,1,4,3,5,2,4,1,4,Biology
3,4,5,2,3,4,1,2,4,5,2,3,1,4,3,5,2,4,1,4,Biology
5,2,4,3,5,4,1,2,4,5,2,3,1,4,3,5,2,4,1,4,Biology
4,5,3,2,4,1,3,2,4,5,2,3,1,4,3,5,2,4,1,4,Biology
3,4,5,2,3,4,1,2,4,5,2,3,1,4,3,5,2,4,1,4,Biology
5,2,4,3,5,4,1,2,4,5,2,3,1,4,3,5,2,4,1,4,Biology
4,5,3,2,4,1,3,2,4,5,2,3,1,4,3,5,2,4,1,4,Biology
3,4,5,2,3,4,1,2,4,5,2,3,1,4,3,5,2,4,1,4,Biology
5,2,4,3,5,4,1,2,4,5,2,3,1,4,3,5,2,4,1,4,Biology
4,5,3,2,4,1,3,2,4,5,2,3,1,4,3,5,2,4,1,4,Biology
3,4,5,2,3,4,1,2,4,5,2,3,1,4,3,5,2,4,1,4,Biology
5,2,4,3,5,4,1,2,4,5,2,3,1,4,3,5,2,4,1,4,Biology
4,5,3,2,4,1,3,2,4,5,2,3,1,4,3,5,2,4,1,4,Biology
3,4,5,2,3,4,1,2,4,5,2,3,1,4,3,5,2,4,1,4,Biology
5,2,4,3,5,4,1,2,4,5,2,3,1,4,3,5,2,4,1,4,Biology
4,5,3,2,4,1,3,2,4,5,2,3,1,4,3,5,2,4,1,4,Biology
3,4,5,2,3,4,1,2,4,5,2,3,1,4,3,5,2,4,1,4,Biology
5,2,4,3,5,4,1,2,4,5,2,3,1,4,3,5,2,4,1,4,Biology
4,5,3,2,4,1,3,2,4,5,2,3,1,4,3,5,2,4,1,4,Biology
3,4,5,2,3,4,1,2,4,5,2,3,1,4,3,5,2,4,1,4,Biology
5,2,4,3,5,4,1,2,4,5,2,3,1,4,3,5,2,4,1,4,Biology
4,5,3,2,4,1,3,2,4,5,2,3,1,4,3,5,2,4,1,4,Biology
3,4,5,2,3,4,1,2,4,5,2,3,1,4,3,5,2,4,1,4,Biology
5,2,4,3,5,4,1,2,4,5,2,3,1,4,3,5,2,4,1,4,Biology
4,5,3,2,4,1,3,2,4,5,2,3,1,4,3,5,2,4,1,4,Biology
3,4,5,2,3,4,1,2,4,5,2,3,1,4,3,5,2,4,1,4,Biology
5,2,4,3,5,4,1,2,4,5,2,3,1,4,3,5,2,4,1,4,Biology
4,5,3,2,4,1,3,2,4,5,2,3,1,4,3,5,2,4,1,4,Biology
3,4,5,2,3,4,1,2,4,5,2,3,1,4,3,5,2,4,1,4,Biology
5,2,4,3,5,4,1,2,4,5,2,3,1,4,3,5,2,4,1,4,Biology
4,5,3,2,4,1,3,2,4,5,2,3,1,4,3,5,2,4,1,4,Biology
3,4,5,2,3,4,1,2,4,5,2,3,1,4,3,5,2,4,1,4,Biology
5,2,4,3,5,4,1,2,4,5,2,3,1,4,3,5,2,4,1,4,Biology
4,5,3,2,4,1,3,2,4,5,2,3,1,4,3,5,2,4,1,4,Biology
3,4,5,2,3,4,1,2,4,5,2,3,1,4,3,5,2,4,1,4,Biology
5,2,4,3,5,4,1,2,4,5,2,3,1,4,3,5,2,4,1,4,Biology
4,5,3,2,4,1,3,2,4,5,2,3,1,4,3,5,2,4,1,4,Biology
3,4,5,2,3,4,1,2,4,5,2,3,1,4,3,5,2,4,1,4,Biology
5,2,4,3,5,4,1,2,4,5,2,3,1,4,3,5,2,4,1,4,Biology
4,5,3,2,4,1,3,2,4,5,2,3,1,4,3,5,2,4,1,4,Biology
3,4,5,2,3,4,1,2,4,5,2,3,1,4,3,5,2,4,1,4,Biology
5,2,4,3,5,4,1,2,4,5,2,3,1,4,3,5,2,4,1,4,Biology
4,5,3,2,4,1,3,2,4,5,2,3,1,4,3,5,2,4,1,4,Biology
3,4,5,2,3,4,1,2,4,5,2,3,1,4,3,5,2,4,1,4,Biology
5,2,4,3,5,4,1,2,4,5,2,3,1,4,3,5,2,4,1,4,Biology
4,5,3,2,4,1,3,2,4,5,2,3,1,4,3,5,2,4,1,4,Biology
3,4,5,2,3,4,1,2,4,5,2,3,1,4,3,5,2,4,1,4,Biology
5,2,4,3,5,4,1,2,4,5,2,3,1,4,3,5,2,4,1,4,Biology
4,5,3,2,4,1,3,2,4,5,2,3,1,4,3,5,2,4,1,4,Biology
3,4,5,2,3,4,1,2,4,5,2,3,1,4,3,5,2,4,1,4,Biology
5,2,4,3,5,4,1,2,4,5,2,3,1,4,3,5,2,4,1,4,Biology
4,5,3,2,4,1,3,2,4,5,2,3,1,4,3,5,2,4,1,4,Biology
3,4,5,2,3,4,1,2,4,5,2,3,1,4,3,5,2,4,1,4,Biology
5,2,4,3,5,4,1,2,4,5,2,3,1,4,3,5,2,4,1,4,Biology
4,5,3,2,4,1,3,2,4,5,2,3,1,4,3,5,2,4,1,4,Biology
3,4,5,2,3,4,1,2,4,5,2,3,1,4,3,5,2,4,1,4,Biology
5,2,4,3,5,4,1,2,4,5,2,3,1,4,3,5,2,4,1,4,Biology
4,5,3,2,4,1,3,2,4,5,2,3,1,4,3,5,2,4,1,4,Biology
3,4,5,2,3,4,1,2,4,5,2,3,1,4,3,5,2,4,1,4,Biology
5,2,4,3,5,4,1,2,4,5,2,3,1,4,3,5,2,4,1,4,Biology
4,5,3,2,4,1,3,2,4,5,2,3,1,4,3,5,2,4,1,4,Biology
3,4,5,2,3,4,1,2,4,5,2,3,1,4,3,5,2,4,1,4,Biology
5,2,4,3,5,4,1,2,4,5,2,3,1,4,3,5,2,4,1,4,Biology
4,5,3,2,4,1,3,2,4,5,2,3,1,4,3,5,2,4,1,4,Biology
3,4,5,2,3,4,1,2,4,5,2,3,1,4,3,5,2,4,1,4,Biology
5,2,4,3,5,4,1,2,4,5,2,3,1,4,3,5,2,4,1,4,Biology
4,5,3,2,4,1,3,2,4,5,2,3,1,4,3,5,2,4,1,4,Biology
3,4,5,2,3,4,1,2,4,5,2,3,1,4,3,5,2,4,1,4,Biology
5,2,4,3,5,4,1,2,4,5,2,3,1,4,3,5,2,4,1,4,Biology
4,5,3,2,4,1,3,2,4,5,2,3,1,4,3,5,2,4,1,4,Biology
3,4,5,2,3,4,1,2,4,5,2,3,1,4,3,5,2,4,1,4,Biology
5,2,4,3,5,4,1,2,4,5,2,3,1,4,3,5,2,4,1,4,Biology
4,5,3,2,4,1,3,2,4,5,2,3,1,4,3,5,2,4,1,4,Biology
3,4,5,2,3,4,1,2,4,5,2,3,1,4,3,5,2,4,1,4,Biology
5,2,4,3,5,4,1,2,4,5,2,3,1,4,3,5,2,4,1,4,Biology
4,5,3,2,4,1,3,2,4,5,2,3,1,4,3,5,2,4,1,4,Biology
3,4,5,2,3,4,1,2,4,5,2,3,1,4,3,5,2,4,1,4,Biology
5,2,4,3,5,4,1,2,4,5,2,3,1,4,3,5,2,4,1,4,Biology
4,5,3,2,4,1,3,2,4,5,2,3,1,4,3,5,2,4,1,4,Biology
3,4,5,2,3,4,1,2,4,5,2,3,1,4,3,5,2,4,1,4,Biology
5,2,4,3,5,4,1,2,4,5,2,3,1,4,3,5,2,4,1,4,Biology
4,5,3,2,4,1,3,2,4,5,2,3,1,4,3,5,2,4,1,4,Biology
3,4,5,2,3,4,1,2,4,5,2,3,1,4,3,5,2,4,1,4,Biology
5,2,4,3,5,4,1,2,4,5,2,3,1,4,3,5,2,4,1,4,Biology
4,5,3,2,4,1,3,2,4,5,2,3,1,4,3,5,2,4,1,4,Biology
3,4,5,2,3,4,1,2,4,5,2,3,1,4,3,5,2,4,1,4,Biology
5,2,4,3,5,4,1,2,4,5,2,3,1,4,3,5,2,4,1,4,Biology
4,5,3,2,4,1,3,2,4,5,2,3,1,4,3,5,2,4,1,4,Biology
3,4,5,2,3,4,1,2,4,5,2,3,1,4,3,5,2,4,1,4,Biology
5,2,4,3,5,4,1,2,4,5,2,3,1,4,3,5,2,4,1,4,Biology
4,5,3,2,4,1,3,2,4,5,2,3,1,4,3,5,2,4,1,4,Biology
3,4,5,2,3,4,1,2,4,5,2,3,1,4,3,5,2,4,1,4,Biology
5,2,4,3,5,4,1,2,4,5,2,3,1,4,3,5,2,4,1,4,Biology
4,5,3,2,4,1,3,2,4,5,2,3,1,4,3,5,2,4,1,4,Biology
3,4,5,2,3,4,1,2,4,5,2,3,1,4,3,5,2,4,1,4,Biology
5,2,4,3,5,4,1,2,4,5,2,3,1,4,3,5,2,4,1,4,Biology
4,5,3,2,4,1,3,2,4,5,2,3,1,4,3,5,2,4,1,4,Biology
3,4,5,2,3,4,1,2,4,5,2,3,1,4,3,5,2,4,1,4,Biology
5,2,4,3,5,4,1,2,4,5,2,3,1,4,3,5,2,4,1,4,Biology
4,5,3,2,4,1,3,2,4,5,2,3,1,4,3,5,2,4,1,4,Biology
3,4,5,2,3,4,1,2,4,5,2,3,1,4,3,5,2,4,1,4,Biology
5,2,4,3,5,4,1,2,4,5,2,3,1,4,3,5,2,4,1,4,Biology
4,5,3,2,4,1,3,2,4,5,2,3,1,4,3,5,2,4,1,4,Biology
3,4,5,2,3,4,1,2,4,5,2,3,1,4,3,5,2,4,1,4,Biology
5,2,4,3,5,4,1,2,4,5,2,3,1,4,3,5,2,4,1,4,Biology
4,5,3,2,4,1,3,2,4,5,2,3,1,4,3,5,2,4,1,4,Biology
3,4,5,2,3,4,1,2,4,5,2,3,1,4,3,5,2,4,1,4,Biology
5,2,4,3,5,4,1,2,4,5,2,3,1,4,3,5,2,4,1,4,Biology
4,5,3,2,4,1,3,2,4,5,2,3,1,4,3,5,2,4,1,4,Biology
3,4,5,2,3,4,1,2,4,5,2,3,1,4,3,5,2,4,1,4,Biology
5,2,4,3,5,4,1,2,4,5,2,3,1,4,3,5,2,4,1,4,Biology
4,5,3,2,4,1,3,2,4,5,2,3,1,4,3,5,2,4,1,4,Biology
3,4,5,2,3,4,1,2,4,5,2,3,1,4,3,5,2,4,1,4,Biology
5,2,4,3,5,4,1,2,4,5,2,3,1,4,3,5,2,4,1,4,Biology
4,5,3,2,4,1,3,2,4,5,2,3,1,4,3,5,2,4,1,4,Biology
3,4,5,2,3,4,1,2,4,5,2,3,1,4,3,5,2,4,1,4,Biology
5,2,4,3,5,4,1,2,4,5,2,3,1,4,3,5,2,4,1,4,Biology
4,5,3,2,4,1,3,2,4,5,2,3,1,4,3,5,2,4,1,4,Biology
3,4,5,2,3,4,1,2,4,5,2,3,1,4,3,5,2,4,1,4,Biology
5,2,4,3,5,4,1,2,4,5,2,3,1,4,3,5,2,4,1,4,Biology
4,5,3,2,4,1,3,2,4,5,2,3,1,4,3,5,2,4,1,4,Biology
3,4,5,2,3,4,1,2,4,5,2,3,1,4,3,5,2,4,1,4,Biology
5,2,4,3,5,4,1,2,4,5,2,3,1,4,3,5,2,4,1,4,Biology
4,5,3,2,4,1,3,2,4,5,2,3,1,4,3,5,2,4,1,4,Biology
3,4,5,2,3,4,1,2,4,5,2,3,1,4,3,5,2,4,1,4,Biology
5,2,4,3,5,4,1,2,4,5,2,3,1,4,3,5,2,4,1,4,Biology
4,5,3,2,4,1,3,2,4,5,2,3,1,4,3,5,2,4,1,4,Biology
3,4,5,2,3,4,1,2,4,5,2,3,1,4,3,5,2,4,1,4,Biology
5,2,4,3,5,4,1,2,4,5,2,3,1,4,3,5,2,4,1,4,Biology
4,5,3,2,4,1,3,2,4,5,2,3,1,4,3,5,2,4,1,4,Biology
3,4,5,2,3,4,1,2,4,5,2,3,1,4,3,5,2,4,1,4,Biology
5,2,4,3,5,4,1,2,4,5,2,3,1,4,3,5,2,4,1,4,Biology
4,5,3,2,4,1,3,2,4,5,2,3,1,4,3,5,2,4,1,4,Biology
3,4,5,2,3,4,1,2,4,5,2,3,1,4,3,5,2,4,1,4,Biology
5,2,4,3,5,4,1,2,4,5,2,3,1,4,3,5,2,4,1,4,Biology
4,5,3,2,4,1,3,2,4,5,2,3,1,4,3,5,2,4,1,4,Biology
3,4,5,2,3,4,1,2,4,5,2,3,1,4,3,5,2,4,1,4,Biology
5,2,4,3,5,4,1,2,4,5,2,3,1,4,3,5,2,4,1,4,Biology
4,5,3,2,4,1,3,2,4,5,2,3,1,4,3,5,2,4,1,4,Biology
3,4,5,2,3,4,1,2,4,5,2,3,1,4,3,5,2,4,1,4,Biology
5,2,4,3,5,4,1,2,4,5,2,3,1,4,3,5,2,4,1,4,Biology
4,5,3,2,4,1,3,2,4,5,2,3,1,4,3,5,2,4,1,4,Biology
3,4,5,2,3,4,1,2,4,5,2,3,1,4,3,5,2,4,1,4,Biology
5,2,4,3,5,4,1,2,4,5,2,3,1,4,3,5,2,4,1,4,Biology
4,5,3,2,4,1,3,2,4,5,2,3,1,4,3,5,2,4,1,4,Biology
3,4,5,2,3,4,1,2,4,5,2,3,1,4,3,5,2,4,1,4,Biology
5,2,4,3,5,4,1,2,4,5,2,3,1,4,3,5,2,4,1,4,Biology
4,5,3,2,4,1,3,2,4,5,2,3,1,4,3,5,2,4,1,4,Biology
3,4,5,2,3,4,1,2,4,5,2,3,1,4,3,5,2,4,1,4,Biology
5,2,4,3,5,4,1,2,4,5,2,3,1,4,3,5,2,4,1,4,Biology
4,5,3,2,4,1,3,2,4,5,2,3,1,4,3,5,2,4,1,4,Biology
3,4,5,2,3,4,1,2,4,5,2,3,1,4,3,5,2,4,1,4,Biology
5,2,4,3,5,4,1,2,4,5,2,3,1,4,3,5,2,4,1,4,Biology
4,5,3,2,4,1,3,2,4,5,2,3,1,4,3,5,2,4,1,4,Biology
3,4,5,2,3,4,1,2,4,5,2,3,1,4,3,5,2,4,1,4,Biology
5,2,4,3,5,4,1,2,4,5,2,3,1,4,3,5,2,4,1,4,Biology
4,5,3,2,4,1,3,2,4,5,2,3,1,4,3,5,2,4,1,4,Biology
3,4,5,2,3,4,1,2,4,5,2,3,1,4,3,5,2,4,1,4,Biology
5,2,4,3,5,4,1,2,4,5,2,3,1,4,3,5,2,4,1,4,Biology
4,5,3,2,4,1,3,2,4,5,2,3,1,4,3,5,2,4,1,4,Biology
3,4,5,2,3,4,1,2,4,5,2,3,1,4,3,5,2,4,1,4,Biology
5,2,4,3,5,4,1,2,4,5,2,3,1,4,3,5,2,4,1,4,Biology
4,5,3,2,4,1,3,2,4,5,2,3,1,4,3,5,2,4,1,4,Biology
3,4,5,2,3,4,1,2,4,5,2,3,1,4,3,5,2,4,1,4,Biology
5,2,4,3,5,4,1,2,4,5,2,3,1,4,3,5,2,4,1,4,Biology
4,5,3,2,4,1,3,2,4,5,2,3,1,4,3,5,2,4,1,4,Biology
3,4,5,2,3,4,1,2,4,5,2,3,1,4,3,5,2,4,1,4,Biology
5,2,4,3,5,4,1,2,4,5,2,3,1,4,3,5,2,4,1,4,Biology
4,5,3,2,4,1,3,2,4,5,2,3,1,4,3,5,2,4,1,4,Biology
3,4,5,2,3,4,1,2,4,5,2,3,1,4,3,5,2,4,1,4,Biology
5,2,4,3,5,4,1,2,4,5,2,3,1,4,3,5,2,4,1,4,Biology
4,5,3,2,4,1,3,2,4,5,2,3,1,4,3,5,2,4,1,4,Biology
3,4,5,2,3,4,1,2,4,5,2,3,1,4,3,5,2,4,1,4,Biology
5,2,4,3,5,4,1,2,4,5,2,3,1,4,3,5,2,4,1,4,Biology
4,5,3,2,4,1,3,2,4,5,2,3,1,4,3,5,2,4,1,4,Biology
3,4,5,2,3,4,1,2,4,5,2,3,1,4,3,5,2,4,1,4,Biology
5,2,4,3,5,4,1,2,4,5,2,3,1,4,3,5,2,4,1,4,Biology
4,5,3,2,4,1,3,2,4,5,2,3,1,4,3,5,2,4,1,4,Biology
3,4,5,2,3,4,1,2,4,5,2,3,1,4,3,5,2,4,1,4,Biology
5,2,4,3,5,4,1,2,4,5,2,3,1,4,3,5,2,4,1,4,Biology
4,5,3,2,4,1,3,2,4,5,2,3,1,4,3,5,2,4,1,4,Biology
3,4,5,2,3,4,1,2,4,5,2,3,1,4,3,5,2,4,1,4,Biology
5,2,4,3,5,4,1,2,4,5,2,3,1,4,3,5,2,4,1,4,Biology
4,5,3,2,4,1,3,2,4,5,2,3,1,4,3,5,2,4,1,4,Biology
3,4,5,2,3,4,1,2,4,5,2,3,1,4,3,5,2,4,1,4,Biology
5,2,4,3,5,4,1,2,4,5,2,3,1,4,3,5,2,4,1,4,Biology
4,5,3,2,4,1,3,2,4,5,2,3,1,4,3,5,2,4,1,4,Biology
3,4,5,2,3,4,1,2,4,5,2,3,1,4,3,5,2,4,1,4,Biology
5,2,4,3,5,4,1,2,4,5,2,3,1,4,3,5,2,4,1,4,Biology
4,5,3,2,4,1,3,2,4,5,2,3,1,4,3,5,2,4,1,4,Biology
3,4,5,2,3,4,1,2,4,5,2,3,1,4,3,5,2,4,1,4,Biology
5,2,4,3,5,4,1,2,4,5,2,3,1,4,3,5,2,4,1,4,Biology
4,5,3,2,4,1,3,2,4,5,2,3,1,4,3,5,2,4,1,4,Biology
3,4,5,2,3,4,1,2,4,5,2,3,1,4,3,5,2,4,1,4,Biology
5,2,4,3,5,4,1,2,4,5,2,3,1,4,3,5,2,4,1,4,Biology
4,5,3,2,4,1,3,2,4,5,2,3,1,4,3,5,2,4,1,4,Biology
3,4,5,2,3,4,1,2,4,5,2,3,1,4,3,5,2,4,1,4,Biology
5,2,4,3,5,4,1,2,4,5,2,3,1,4,3,5,2,4,1,4,Biology
4,5,3,2,4,1,3,2,4,5,2,3,1,4,3,5,2,4,1,4,Biology
3,4,5,2,3,4,1,2,4,5,2,3,1,4,3,5,2,4,1,4,Biology
5,2,4,3,5,4,1,2,4,5,2,3,1,4,3,5,2,4,1,4,Biology
4,5,3,2,4,1,3,2,4,5,2,3,1,4,3,5,2,4,1,4,Biology
3,4,5,2,3,4,1,2,4,5,2,3,1,4,3,5,2,4,1,4,Biology
5,2,4,3,5,4,1,2,4,5,2,3,1,4,3,5,2,4,1,4,Biology
4,5,3,2,4,1,3,2,4,5,2,3,1,4,3,5,2,4,1,4,Biology
3,4,5,2,3,4,1,2,4,5,2,3,1,4,3,5,2,4,1,4,Biology
5,2,4,3,5,4,1,2,4,5,2,3,1,4,3,5,2,4,1,4,Biology
4,5,3,2,4,1,3,2,4,5,2,3,1,4,3,5,2,4,1,4,Biology
3,4,5,2,3,4,1,2,4,5,2,3,1,4,3,5,2,4,1,4,Biology
5,2,4,3,5,4,1,2,4,5,2,3,1,4,3,5,2,4,1,4,Biology
4,5,3,2,4,1,3,2,4,5,2,3,1,4,3,5,2,4,1,4,Biology
3,4,5,2,3,4,1,2,4,5,2,3,1,4,3,5,2,4,1,4,Biology
5,2,4,3,5,4,1,2,4,5,2,3,1,4,3,5,2,4,1,4,Biology
4,5,3,2,4,1,3,2,4,5,2,3,1,4,3,5,2,4,1,4,Biology
3,4,5,2,3,4,1,2,4,5,2,3,1,4,3,5,2,4,1,4,Biology
5,2,4,3,5,4,1,2,4,5,2,3,1,4,3,5,2,4,1,4,Biology
4,5,3,2,4,1,3,2,4,5,2,3,1,4,3,5,2,4,1,4,Biology
3,4,5,2,3,4,1,2,4,5,2,3,1,4,3,5,2,4,1,4,Biology
5,2,4,3,5,4,1,2,4,5,2,3,1,4,3,5,2,4,1,4,Biology
4,5,3,2,4,1,3,2,4,5,2,3,1,4,3,5,2,4,1,4,Biology
3,4,5,2,3,4,1,2,4,5,2,3,1,4,3,5,2,4,1,4,Biology
5,2,4,3,5,4,1,2,4,5,2,3,1,4,3,5,2,4,1,4,Biology
4,5,3,2,4,1,3,2,4,5,2,3,1,4,3,5,2,4,1,4,Biology
3,4,5,2,3,4,1,2,4,5,2,3,1,4,3,5,2,4,1,4,Biology
5,2,4,3,5,4,1,2,4,5,2,3,1,4,3,5,2,4,1,4,Biology
4,5,3,2,4,1,3,2,4,5,2,3,1,4,3,5,2,4,1,4,Biology
