4,5,3,4,5,3,4,5,3,4,5,3,4,5,3,4,5,3,4,5,Engineering
3,4,5,3,4,5,3,4,5,3,4,5,3,4,5,3,4,5,3,4,Engineering
2,3,4,5,3,4,5,3,4,5,3,4,5,3,4,5,3,4,5,3,Engineering
4,5,3,4,5,3,4,5,3,4,5,3,4,5,3,4,5,3,4,5,Engineering
3,4,5,3,4,5,3,4,5,3,4,5,3,4,5,3,4,5,3,4,Engineering
2,3,4,5,3,4,5,3,4,5,3,4,5,3,4,5,3,4,5,3,Engineering
4,5,3,4,5,3,4,5,3,4,5,3,4,5,3,4,5,3,4,5,Engineering
3,4,5,3,4,5,3,4,5,3,4,5,3,4,5,3,4,5,3,4,Engineering
2,3,4,5,3,4,5,3,4,5,3,4,5,3,4,5,3,4,5,3,Engineering
4,5,3,4,5,3,4,5,3,4,5,3,4,5,3,4,5,3,4,5,Engineering
3,4,5,3,4,5,3,4,5,3,4,5,3,4,5,3,4,5,3,4,Engineering
2,3,4,5,3,4,5,3,4,5,3,4,5,3,4,5,3,4,5,3,Engineering
4,5,3,4,5,3,4,5,3,4,5,3,4,5,3,4,5,3,4,5,Engineering
3,4,5,3,4,5,3,4,5,3,4,5,3,4,5,3,4,5,3,4,Engineering
2,3,4,5,3,4,5,3,4,5,3,4,5,3,4,5,3,4,5,3,Engineering
4,5,3,4,5,3,4,5,3,4,5,3,4,5,3,4,5,3,4,5,Engineering
3,4,5,3,4,5,3,4,5,3,4,5,3,4,5,3,4,5,3,4,Engineering
2,3,4,5,3,4,5,3,4,5,3,4,5,3,4,5,3,4,5,3,Engineering
4,5,3,4,5,3,4,5,3,4,5,3,4,5,3,4,5,3,4,5,Engineering
3,4,5,3,4,5,3,4,5,3,4,5,3,4,5,3,4,5,3,4,Engineering
2,3,4,5,3,4,5,3,4,5,3,4,5,3,4,5,3,4,5,3,Engineering
4,5,3,4,5,3,4,5,3,4,5,3,4,5,3,4,5,3,4,5,Engineering
3,4,5,3,4,5,3,4,5,3,4,5,3,4,5,3,4,5,3,4,Engineering
2,3,4,5,3,4,5,3,4,5,3,4,5,3,4,5,3,4,5,3,Engineering
4,5,3,4,5,3,4,5,3,4,5,3,4,5,3,4,5,3,4,5,Engineering
3,4,5,3,4,5,3,4,5,3,4,5,3,4,5,3,4,5,3,4,Engineering
2,3,4,5,3,4,5,3,4,5,3,4,5,3,4,5,3,4,5,3,Engineering
4,5,3,4,5,3,4,5,3,4,5,3,4,5,3,4,5,3,4,5,Engineering
3,4,5,3,4,5,3,4,5,3,4,5,3,4,5,3,4,5,3,4,Engineering
2,3,4,5,3,4,5,3,4,5,3,4,5,3,4,5,3,4,5,3,Engineering
4,5,3,4,5,3,4,5,3,4,5,3,4,5,3,4,5,3,4,5,Engineering
3,4,5,3,4,5,3,4,5,3,4,5,3,4,5,3,4,5,3,4,Engineering
2,3,4,5,3,4,5,3,4,5,3,4,5,3,4,5,3,4,5,3,Engineering
4,5,3,4,5,3,4,5,3,4,5,3,4,5,3,4,5,3,4,5,Engineering
3,4,5,3,4,5,3,4,5,3,4,5,3,4,5,3,4,5,3,4,Engineering
2,3,4,5,3,4,5,3,4,5,3,4,5,3,4,5,3,4,5,3,Engineering
4,5,3,4,5,3,4,5,3,4,5,3,4,5,3,4,5,3,4,5,Engineering
3,4,5,3,4,5,3,4,5,3,4,5,3,4,5,3,4,5,3,4,Engineering
2,3,4,5,3,4,5,3,4,5,3,4,5,3,4,5,3,4,5,3,Engineering
4,5,3,4,5,3,4,5,3,4,5,3,4,5,3,4,5,3,4,5,Engineering
3,4,5,3,4,5,3,4,5,3,4,5,3,4,5,3,4,5,3,4,Engineering
2,3,4,5,3,4,5,3,4,5,3,4,5,3,4,5,3,4,5,3,Engineering
4,5,3,4,5,3,4,5,3,4,5,3,4,5,3,4,5,3,4,5,Engineering
3,4,5,3,4,5,3,4,5,3,4,5,3,4,5,3,4,5,3,4,Engineering
2,3,4,5,3,4,5,3,4,5,3,4,5,3,4,5,3,4,5,3,Engineering
4,5,3,4,5,3,4,5,3,4,5,3,4,5,3,4,5,3,4,5,Engineering
3,4,5,3,4,5,3,4,5,3,4,5,3,4,5,3,4,5,3,4,Engineering
2,3,4,5,3,4,5,3,4,5,3,4,5,3,4,5,3,4,5,3,Engineering
4,5,3,4,5,3,4,5,3,4,5,3,4,5,3,4,5,3,4,5,Engineering
3,4,5,3,4,5,3,4,5,3,4,5,3,4,5,3,4,5,3,4,Engineering
2,3,4,5,3,4,5,3,4,5,3,4,5,3,4,5,3,4,5,3,Engineering
4,5,3,4,5,3,4,5,3,4,5,3,4,5,3,4,5,3,4,5,Engineering
3,4,5,3,4,5,3,4,5,3,4,5,3,4,5,3,4,5,3,4,Engineering
2,3,4,5,3,4,5,3,4,5,3,4,5,3,4,5,3,4,5,3,Engineering
4,5,3,4,5,3,4,5,3,4,5,3,4,5,3,4,5,3,4,5,Engineering
3,4,5,3,4,5,3,4,5,3,4,5,3,4,5,3,4,5,3,4,Engineering
2,3,4,5,3,4,5,3,4,5,3,4,5,3,4,5,3,4,5,3,Engineering
4,5,3,4,5,3,4,5,3,4,5,3,4,5,3,4,5,3,4,5,Engineering
3,4,5,3,4,5,3,4,5,3,4,5,3,4,5,3,4,5,3,4,Engineering
2,3,4,5,3,4,5,3,4,5,3,4,5,3,4,5,3,4,5,3,Engineering
4,5,3,4,5,3,4,5,3,4,5,3,4,5,3,4,5,3,4,5,Engineering
3,4,5,3,4,5,3,4,5,3,4,5,3,4,5,3,4,5,3,4,Engineering
2,3,4,5,3,4,5,3,4,5,3,4,5,3,4,5,3,4,5,3,Engineering
4,5,3,4,5,3,4,5,3,4,5,3,4,5,3,4,5,3,4,5,Engineering
3,4,5,3,4,5,3,4,5,3,4,5,3,4,5,3,4,5,3,4,Engineering
2,3,4,5,3,4,5,3,4,5,3,4,5,3,4,5,3,4,5,3,Engineering
4,5,3,4,5,3,4,5,3,4,5,3,4,5,3,4,5,3,4,5,Engineering
3,4,5,3,4,5,3,4,5,3,4,5,3,4,5,3,4,5,3,4,Engineering
2,3,4,5,3,4,5,3,4,5,3,4,5,3,4,5,3,4,5,3,Engineering
4,5,3,4,5,3,4,5,3,4,5,3,4,5,3,4,5,3,4,5,Engineering
3,4,5,3,4,5,3,4,5,3,4,5,3,4,5,3,4,5,3,4,Engineering
2,3,4,5,3,4,5,3,4,5,3,4,5,3,4,5,3,4,5,3,Engineering
4,5,3,4,5,3,4,5,3,4,5,3,4,5,3,4,5,3,4,5,Engineering
3,4,5,3,4,5,3,4,5,3,4,5,3,4,5,3,4,5,3,4,Engineering
2,3,4,5,3,4,5,3,4,5,3,4,5,3,4,5,3,4,5,3,Engineering
4,5,3,4,5,3,4,5,3,4,5,3,4,5,3,4,5,3,4,5,Engineering
3,4,5,3,4,5,3,4,5,3,4,5,3,4,5,3,4,5,3,4,Engineering
2,3,4,5,3,4,5,3,4,5,3,4,5,3,4,5,3,4,5,3,Engineering
4,5,3,4,5,3,4,5,3,4,5,3,4,5,3,4,5,3,4,5,Engineering
3,4,5,3,4,5,3,4,5,3,4,5,3,4,5,3,4,5,3,4,Engineering
2,3,4,5,3,4,5,3,4,5,3,4,5,3,4,5,3,4,5,3,Engineering
4,5,3,4,5,3,4,5,3,4,5,3,4,5,3,4,5,3,4,5,Engineering
3,4,5,3,4,5,3,4,5,3,4,5,3,4,5,3,4,5,3,4,Engineering
2,3,4,5,3,4,5,3,4,5,3,4,5,3,4,5,3,4,5,3,Engineering
4,5,3,4,5,3,4,5,3,4,5,3,4,5,3,4,5,3,4,5,Engineering
3,4,5,3,4,5,3,4,5,3,4,5,3,4,5,3,4,5,3,4,Engineering
2,3,4,5,3,4,5,3,4,5,3,4,5,3,4,5,3,4,5,3,Engineering
4,5,3,4,5,3,4,5,3,4,5,3,4,5,3,4,5,3,4,5,Engineering
3,4,5,3,4,5,3,4,5,3,4,5,3,4,5,3,4,5,3,4,Engineering
2,3,4,5,3,4,5,3,4,5,3,4,5,3,4,5,3,4,5,3,Engineering
4,5,3,4,5,3,4,5,3,4,5,3,4,5,3,4,5,3,4,5,Engineering
3,4,5,3,4,5,3,4,5,3,4,5,3,4,5,3,4,5,3,4,Engineering
2,3,4,5,3,4,5,3,4,5,3,4,5,3,4,5,3,4,5,3,Engineering
4,5,3,4,5,3,4,5,3,4,5,3,4,5,3,4,5,3,4,5,Engineering
3,4,5,3,4,5,3,4,5,3,4,5,3,4,5,3,4,5,3,4,Engineering
2,3,4,5,3,4,5,3,4,5,3,4,5,3,4,5,3,4,5,3,Engineering
4,5,3,4,5,3,4,5,3,4,5,3,4,5,3,4,5,3,4,5,Engineering
3,4,5,3,4,5,3,4,5,3,4,5,3,4,5,3,4,5,3,4,Engineering
2,3,4,5,3,4,5,3,4,5,3,4,5,3,4,5,3,4,5,3,Engineering
4,5,3,4,5,3,4,5,3,4,5,3,4,5,3,4,5,3,4,5,Engineering
4,3,5,4,5,3,4,4,3,5,4,5,3,4,4,3,5,4,5,3,Engineering
3,4,5,3,5,4,3,4,5,3,5,4,3,4,5,3,5,4,3,4,Engineering
4,3,5,4,5,3,4,4,3,5,4,5,3,4,4,3,5,4,5,3,Engineering
3,4,5,3,5,4,3,4,5,3,5,4,3,4,5,3,5,4,3,4,Engineering
4,3,5,4,5,3,4,4,3,5,4,5,3,4,4,3,5,4,5,3,Engineering
3,4,5,3,5,4,3,4,5,3,5,4,3,4,5,3,5,4,3,4,Engineering
4,3,5,4,5,3,4,4,3,5,4,5,3,4,4,3,5,4,5,3,Engineering
3,4,5,3,5,4,3,4,5,3,5,4,3,4,5,3,5,4,3,4,Engineering
4,3,5,4,5,3,4,4,3,5,4,5,3,4,4,3,5,4,5,3,Engineering
3,4,5,3,5,4,3,4,5,3,5,4,3,4,5,3,5,4,3,4,Engineering
4,3,5,4,5,3,4,4,3,5,4,5,3,4,4,3,5,4,5,3,Engineering
3,4,5,3,5,4,3,4,5,3,5,4,3,4,5,3,5,4,3,4,Engineering
4,3,5,4,5,3,4,4,3,5,4,5,3,4,4,3,5,4,5,3,Engineering
3,4,5,3,5,4,3,4,5,3,5,4,3,4,5,3,5,4,3,4,Engineering
4,3,5,4,5,3,4,4,3,5,4,5,3,4,4,3,5,4,5,3,Engineering
3,4,5,3,5,4,3,4,5,3,5,4,3,4,5,3,5,4,3,4,Engineering
4,3,5,4,5,3,4,4,3,5,4,5,3,4,4,3,5,4,5,3,Engineering
3,4,5,3,5,4,3,4,5,3,5,4,3,4,5,3,5,4,3,4,Engineering
4,3,5,4,5,3,4,4,3,5,4,5,3,4,4,3,5,4,5,3,Engineering
3,4,5,3,5,4,3,4,5,3,5,4,3,4,5,3,5,4,3,4,Engineering
4,3,5,4,5,3,4,4,3,5,4,5,3,4,4,3,5,4,5,3,Engineering
3,4,5,3,5,4,3,4,5,3,5,4,3,4,5,3,5,4,3,4,Engineering
4,3,5,4,5,3,4,4,3,5,4,5,3,4,4,3,5,4,5,3,Engineering
3,4,5,3,5,4,3,4,5,3,5,4,3,4,5,3,5,4,3,4,Engineering
4,3,5,4,5,3,4,4,3,5,4,5,3,4,4,3,5,4,5,3,Engineering
3,4,5,3,5,4,3,4,5,3,5,4,3,4,5,3,5,4,3,4,Engineering
4,3,5,4,5,3,4,4,3,5,4,5,3,4,4,3,5,4,5,3,Engineering
3,4,5,3,5,4,3,4,5,3,5,4,3,4,5,3,5,4,3,4,Engineering
4,3,5,4,5,3,4,4,3,5,4,5,3,4,4,3,5,4,5,3,Engineering
3,4,5,3,5,4,3,4,5,3,5,4,3,4,5,3,5,4,3,4,Engineering
4,3,5,4,5,3,4,4,3,5,4,5,3,4,4,3,5,4,5,3,Engineering
3,4,5,3,5,4,3,4,5,3,5,4,3,4,5,3,5,4,3,4,Engineering
4,3,5,4,5,3,4,4,3,5,4,5,3,4,4,3,5,4,5,3,Engineering
3,4,5,3,5,4,3,4,5,3,5,4,3,4,5,3,5,4,3,4,Engineering
4,3,5,4,5,3,4,4,3,5,4,5,3,4,4,3,5,4,5,3,Engineering
3,4,5,3,5,4,3,4,5,3,5,4,3,4,5,3,5,4,3,4,Engineering
4,3,5,4,5,3,4,4,3,5,4,5,3,4,4,3,5,4,5,3,Engineering
3,4,5,3,5,4,3,4,5,3,5,4,3,4,5,3,5,4,3,4,Engineering
4,3,5,4,5,3,4,4,3,5,4,5,3,4,4,3,5,4,5,3,Engineering
3,4,5,3,5,4,3,4,5,3,5,4,3,4,5,3,5,4,3,4,Engineering
4,3,5,4,5,3,4,4,3,5,4,5,3,4,4,3,5,4,5,3,Engineering
3,4,5,3,5,4,3,4,5,3,5,4,3,4,5,3,5,4,3,4,Engineering
4,3,5,4,5,3,4,4,3,5,4,5,3,4,4,3,5,4,5,3,Engineering
3,4,5,3,5,4,3,4,5,3,5,4,3,4,5,3,5,4,3,4,Engineering
4,3,5,4,5,3,4,4,3,5,4,5,3,4,4,3,5,4,5,3,Engineering
3,4,5,3,5,4,3,4,5,3,5,4,3,4,5,3,5,4,3,4,Engineering
4,3,5,4,5,3,4,4,3,5,4,5,3,4,4,3,5,4,5,3,Engineering
3,4,5,3,5,4,3,4,5,3,5,4,3,4,5,3,5,4,3,4,Engineering
4,3,5,4,5,3,4,4,3,5,4,5,3,4,4,3,5,4,5,3,Engineering
3,4,5,3,5,4,3,4,5,3,5,4,3,4,5,3,5,4,3,4,Engineering
4,3,5,4,5,3,4,4,3,5,4,5,3,4,4,3,5,4,5,3,Engineering
3,4,5,3,5,4,3,4,5,3,5,4,3,4,5,3,5,4,3,4,Engineering
4,3,5,4,5,3,4,4,3,5,4,5,3,4,4,3,5,4,5,3,Engineering
3,4,5,3,5,4,3,4,5,3,5,4,3,4,5,3,5,4,3,4,Engineering
4,3,5,4,5,3,4,4,3,5,4,5,3,4,4,3,5,4,5,3,Engineering
3,4,5,3,5,4,3,4,5,3,5,4,3,4,5,3,5,4,3,4,Engineering
4,3,5,4,5,3,4,4,3,5,4,5,3,4,4,3,5,4,5,3,Engineering
3,4,5,3,5,4,3,4,5,3,5,4,3,4,5,3,5,4,3,4,Engineering
4,3,5,4,5,3,4,4,3,5,4,5,3,4,4,3,5,4,5,3,Engineering
3,4,5,3,5,4,3,4,5,3,5,4,3,4,5,3,5,4,3,4,Engineering
4,3,5,4,5,3,4,4,3,5,4,5,3,4,4,3,5,4,5,3,Engineering
3,4,5,3,5,4,3,4,5,3,5,4,3,4,5,3,5,4,3,4,Engineering
4,3,5,4,5,3,4,4,3,5,4,5,3,4,4,3,5,4,5,3,Engineering
3,4,5,3,5,4,3,4,5,3,5,4,3,4,5,3,5,4,3,4,Engineering
4,3,5,4,5,3,4,4,3,5,4,5,3,4,4,3,5,4,5,3,Engineering
3,4,5,3,5,4,3,4,5,3,5,4,3,4,5,3,5,4,3,4,Engineering
4,3,5,4,5,3,4,4,3,5,4,5,3,4,4,3,5,4,5,3,Engineering
3,4,5,3,5,4,3,4,5,3,5,4,3,4,5,3,5,4,3,4,Engineering
4,3,5,4,5,3,4,4,3,5,4,5,3,4,4,3,5,4,5,3,Engineering
3,4,5,3,5,4,3,4,5,3,5,4,3,4,5,3,5,4,3,4,Engineering
4,3,5,4,5,3,4,4,3,5,4,5,3,4,4,3,5,4,5,3,Engineering
3,4,5,3,5,4,3,4,5,3,5,4,3,4,5,3,5,4,3,4,Engineering
4,3,5,4,5,3,4,4,3,5,4,5,3,4,4,3,5,4,5,3,Engineering
3,4,5,3,5,4,3,4,5,3,5,4,3,4,5,3,5,4,3,4,Engineering
4,3,5,4,5,3,4,4,3,5,4,5,3,4,4,3,5,4,5,3,Engineering
3,4,5,3,5,4,3,4,5,3,5,4,3,4,5,3,5,4,3,4,Engineering
4,3,5,4,5,3,4,4,3,5,4,5,3,4,4,3,5,4,5,3,Engineering
3,4,5,3,5,4,3,4,5,3,5,4,3,4,5,3,5,4,3,4,Engineering
4,3,5,4,5,3,4,4,3,5,4,5,3,4,4,3,5,4,5,3,Engineering
3,4,5,3,5,4,3,4,5,3,5,4,3,4,5,3,5,4,3,4,Engineering
4,3,5,4,5,3,4,4,3,5,4,5,3,4,4,3,5,4,5,3,Engineering
3,4,5,3,5,4,3,4,5,3,5,4,3,4,5,3,5,4,3,4,Engineering
4,3,5,4,5,3,4,4,3,5,4,5,3,4,4,3,5,4,5,3,Engineering
3,4,5,3,5,4,3,4,5,3,5,4,3,4,5,3,5,4,3,4,Engineering
4,3,5,4,5,3,4,4,3,5,4,5,3,4,4,3,5,4,5,3,Engineering
3,4,5,3,5,4,3,4,5,3,5,4,3,4,5,3,5,4,3,4,Engineering
4,3,5,4,5,3,4,4,3,5,4,5,3,4,4,3,5,4,5,3,Engineering
3,4,5,3,5,4,3,4,5,3,5,4,3,4,5,3,5,4,3,4,Engineering
4,3,5,4,5,3,4,4,3,5,4,5,3,4,4,3,5,4,5,3,Engineering
3,4,5,3,5,4,3,4,5,3,5,4,3,4,5,3,5,4,3,4,Engineering
4,3,5,4,5,3,4,4,3,5,4,5,3,4,4,3,5,4,5,3,Engineering
3,4,5,3,5,4,3,4,5,3,5,4,3,4,5,3,5,4,3,4,Engineering
4,3,5,4,5,3,4,4,3,5,4,5,3,4,4,3,5,4,5,3,Engineering
3,4,5,3,5,4,3,4,5,3,5,4,3,4,5,3,5,4,3,4,Engineering
4,3,5,4,5,3,4,4,3,5,4,5,3,4,4,3,5,4,5,3,Engineering
3,4,5,3,5,4,3,4,5,3,5,4,3,4,5,3,5,4,3,4,Engineering
4,3,5,4,5,3,4,4,3,5,4,5,3,4,4,3,5,4,5,3,Engineering
3,4,5,3,5,4,3,4,5,3,5,4,3,4,5,3,5,4,3,4,Engineering
4,3,5,4,5,3,4,4,3,5,4,5,3,4,4,3,5,4,5,3,Engineering
3,4,5,3,5,4,3,4,5,3,5,4,3,4,5,3,5,4,3,4,Engineering
4,3,5,4,5,3,4,4,3,5,4,5,3,4,4,3,5,4,5,3,Engineering
3,4,5,3,5,4,3,4,5,3,5,4,3,4,5,3,5,4,3,4,Engineering
4,3,5,4,5,3,4,4,3,5,4,5,3,4,4,3,5,4,5,3,Engineering
3,4,5,3,5,4,3,4,5,3,5,4,3,4,5,3,5,4,3,4,Engineering
4,3,5,4,5,3,4,4,3,5,4,5,3,4,4,3,5,4,5,3,Engineering
3,4,5,3,5,4,3,4,5,3,5,4,3,4,5,3,5,4,3,4,Engineering
4,3,5,4,5,3,4,4,3,5,4,5,3,4,4,3,5,4,5,3,Engineering
3,4,5,3,5,4,3,4,5,3,5,4,3,4,5,3,5,4,3,4,Engineering
4,3,5,4,5,3,4,4,3,5,4,5,3,4,4,3,5,4,5,3,Engineering
3,4,5,3,5,4,3,4,5,3,5,4,3,4,5,3,5,4,3,4,Engineering
4,3,5,4,5,3,4,4,3,5,4,5,3,4,4,3,5,4,5,3,Engineering
3,4,5,3,5,4,3,4,5,3,5,4,3,4,5,3,5,4,3,4,Engineering
4,3,5,4,5,3,4,4,3,5,4,5,3,4,4,3,5,4,5,3,Engineering
3,4,5,3,5,4,3,4,5,3,5,4,3,4,5,3,5,4,3,4,Engineering
4,3,5,4,5,3,4,4,3,5,4,5,3,4,4,3,5,4,5,3,Engineering
3,4,5,3,5,4,3,4,5,3,5,4,3,4,5,3,5,4,3,4,Engineering
4,3,5,4,5,3,4,4,3,5,4,5,3,4,4,3,5,4,5,3,Engineering
3,4,5,3,5,4,3,4,5,3,5,4,3,4,5,3,5,4,3,4,Engineering
4,3,5,4,5,3,4,4,3,5,4,5,3,4,4,3,5,4,5,3,Engineering
3,4,5,3,5,4,3,4,5,3,5,4,3,4,5,3,5,4,3,4,Engineering
4,3,5,4,5,3,4,4,3,5,4,5,3,4,4,3,5,4,5,3,Engineering
3,4,5,3,5,4,3,4,5,3,5,4,3,4,5,3,5,4,3,4,Engineering
4,3,5,4,5,3,4,4,3,5,4,5,3,4,4,3,5,4,5,3,Engineering
3,4,5,3,5,4,3,4,5,3,5,4,3,4,5,3,5,4,3,4,Engineering
4,3,5,4,5,3,4,4,3,5,4,5,3,4,4,3,5,4,5,3,Engineering
3,4,5,3,5,4,3,4,5,3,5,4,3,4,5,3,5,4,3,4,Engineering
4,3,5,4,5,3,4,4,3,5,4,5,3,4,4,3,5,4,5,3,Engineering
3,4,5,3,5,4,3,4,5,3,5,4,3,4,5,3,5,4,3,4,Engineering
4,3,5,4,5,3,4,4,3,5,4,5,3,4,4,3,5,4,5,3,Engineering
3,4,5,3,5,4,3,4,5,3,5,4,3,4,5,3,5,4,3,4,Engineering
4,3,5,4,5,3,4,4,3,5,4,5,3,4,4,3,5,4,5,3,Engineering
3,4,5,3,5,4,3,4,5,3,5,4,3,4,5,3,5,4,3,4,Engineering
4,3,5,4,5,3,4,4,3,5,4,5,3,4,4,3,5,4,5,3,Engineering
3,4,5,3,5,4,3,4,5,3,5,4,3,4,5,3,5,4,3,4,Engineering
4,3,5,4,5,3,4,4,3,5,4,5,3,4,4,3,5,4,5,3,Engineering
3,4,5,3,5,4,3,4,5,3,5,4,3,4,5,3,5,4,3,4,Engineering
4,3,5,4,5,3,4,4,3,5,4,5,3,4,4,3,5,4,5,3,Engineering
3,4,5,3,5,4,3,4,5,3,5,4,3,4,5,3,5,4,3,4,Engineering
4,3,5,4,5,3,4,4,3,5,4,5,3,4,4,3,5,4,5,3,Engineering
3,4,5,3,5,4,3,4,5,3,5,4,3,4,5,3,5,4,3,4,Engineering
4,3,5,4,5,3,4,4,3,5,4,5,3,4,4,3,5,4,5,3,Engineering
3,4,5,3,5,4,3,4,5,3,5,4,3,4,5,3,5,4,3,4,Engineering
4,3,5,4,5,3,4,4,3,5,4,5,3,4,4,3,5,4,5,3,Engineering
3,4,5,3,5,4,3,4,5,3,5,4,3,4,5,3,5,4,3,4,Engineering
4,3,5,4,5,3,4,4,3,5,4,5,3,4,4,3,5,4,5,3,Engineering
3,4,5,3,5,4,3,4,5,3,5,4,3,4,5,3,5,4,3,4,Engineering
4,3,5,4,5,3,4,4,3,5,4,5,3,4,4,3,5,4,5,3,Engineering
3,4,5,3,5,4,3,4,5,3,5,4,3,4,5,3,5,4,3,4,Engineering
4,3,5,4,5,3,4,4,3,5,4,5,3,4,4,3,5,4,5,3,Engineering
3,4,5,3,5,4,3,4,5,3,5,4,3,4,5,3,5,4,3,4,Engineering