1,2,1,1,2,4,4,4,4,3,5,3,3,2,4,2,3,1,1,2,Music
4,5,1,1,4,1,2,4,1,1,1,5,1,2,4,3,5,1,5,2,Music
1,3,1,5,5,5,1,4,3,1,5,5,4,1,1,4,3,1,3,4,Music
3,4,2,3,2,1,4,4,1,3,3,2,5,5,2,1,1,1,3,4,Music
1,3,5,2,3,3,1,1,1,2,3,3,1,2,4,3,3,5,3,1,Music
4,4,5,5,1,4,5,2,5,2,5,2,1,3,3,2,3,1,3,5,Music
5,3,4,4,2,4,3,2,5,3,5,2,3,3,1,4,1,2,3,1,Music
5,2,4,3,3,2,4,3,2,2,5,5,2,4,1,5,1,1,2,3,Music
3,1,4,5,5,4,3,1,3,1,1,1,2,1,5,4,5,2,4,2,Music
2,1,5,3,1,4,2,4,3,1,1,2,1,2,5,2,5,2,4,4,Music
5,3,4,2,5,4,3,4,2,3,4,5,2,5,2,4,5,2,5,5,Music
5,3,2,2,3,3,3,1,4,1,4,1,3,1,4,5,3,2,2,3,Music
2,5,4,2,3,1,4,5,4,3,1,3,4,3,1,1,3,2,1,2,Music
2,1,4,2,5,5,3,2,4,5,1,5,1,1,3,1,5,4,2,3,Music
1,1,3,3,1,4,2,5,2,2,1,5,1,5,3,5,5,5,1,4,Music
2,5,4,1,1,2,2,5,1,3,2,5,5,2,2,2,3,4,3,5,Music
1,4,5,4,1,1,4,5,4,3,5,3,2,3,2,1,1,4,2,4,Music
4,4,5,5,3,5,1,2,5,2,4,1,5,5,4,1,3,1,4,3,Music
3,1,3,3,5,2,3,4,1,4,5,5,5,4,1,1,5,3,2,5,Music
3,5,4,3,4,5,2,4,3,5,1,4,2,5,5,2,2,2,4,3,Music
5,2,5,1,1,4,2,3,4,4,5,5,1,2,1,3,2,2,1,4,Music
1,1,3,4,1,1,2,3,3,2,1,4,1,5,5,1,4,1,3,1,Music
4,1,2,2,1,4,4,2,1,2,5,2,4,1,2,4,2,1,3,5,Music
1,4,4,5,4,4,2,1,4,5,5,1,2,1,3,1,5,3,1,1,Music
2,5,5,1,3,1,5,3,3,2,1,4,4,5,2,1,5,5,3,4,Music
1,3,4,1,2,2,2,2,3,3,3,5,2,4,1,5,2,1,4,3,Music
4,1,3,5,5,2,2,1,3,1,3,2,1,5,4,3,2,1,2,3,Music
3,1,5,4,2,4,2,5,4,5,1,4,3,1,5,5,4,3,3,4,Music
5,3,4,5,1,1,3,3,1,2,4,1,1,1,2,4,1,4,3,1,Music
3,2,3,5,1,4,5,3,3,2,3,3,2,3,2,1,3,1,4,5,Music
4,1,5,3,4,4,5,3,5,1,2,2,1,3,4,2,5,3,1,4,Music
5,3,3,2,3,5,2,5,3,1,2,4,4,2,4,1,2,2,1,2,Music
1,5,3,4,1,4,3,2,1,2,4,5,5,5,2,4,5,4,1,5,Music
2,5,2,5,2,2,5,5,3,1,4,4,2,1,5,1,2,4,3,5,Music
4,4,2,5,4,5,4,3,3,2,4,4,4,2,5,1,2,4,1,1,Music
1,4,2,1,5,5,3,1,3,4,4,4,2,3,5,3,1,4,3,2,Music
4,1,5,2,4,4,5,4,5,1,5,2,1,4,5,1,5,5,1,1,Music
5,1,1,1,3,4,3,3,2,3,4,2,4,2,4,1,2,4,2,3,Music
3,2,5,4,3,2,4,2,1,1,4,4,4,4,1,1,4,3,1,3,Music
5,1,5,2,3,2,1,4,3,5,1,4,2,4,2,5,2,2,1,2,Music
3,3,3,5,4,3,1,4,5,2,2,4,4,3,1,1,2,4,2,2,Music
4,4,1,5,5,1,5,4,5,1,2,2,3,1,5,5,3,5,2,2,Music
2,2,1,3,4,4,4,3,3,4,3,1,5,3,1,5,3,2,2,5,Music
4,1,4,3,5,2,5,5,5,4,3,1,2,5,2,3,1,2,5,1,Music
5,5,4,2,5,1,4,4,4,4,1,4,3,1,5,5,2,1,5,4,Music
1,2,3,4,5,5,1,2,1,5,3,1,5,4,5,4,3,1,5,5,Music
3,5,1,5,5,4,4,1,5,4,1,1,3,5,3,2,3,2,2,5,Music
3,3,4,1,3,3,1,4,3,4,4,3,5,1,5,3,5,3,5,3,Music
2,5,2,1,5,3,1,1,5,5,4,5,5,3,4,3,4,3,3,2,Music
4,4,2,5,4,2,4,1,2,3,5,1,2,4,1,4,2,1,2,5,Music
3,2,1,5,4,1,3,4,5,2,4,5,2,1,4,1,2,2,5,4,Music
3,2,5,5,1,1,5,4,5,4,5,1,1,1,4,5,1,5,2,1,Music
2,3,3,5,4,4,5,5,5,2,3,4,1,1,3,3,1,3,4,5,Music
5,2,5,3,4,2,5,3,5,4,4,5,1,2,4,3,5,3,5,1,Music
1,1,3,5,3,1,3,1,2,1,2,4,4,1,5,1,1,2,4,4,Music
3,3,4,2,3,5,2,5,3,4,4,5,5,3,4,5,3,3,4,2,Music
4,4,2,4,1,2,5,2,5,5,5,4,5,3,1,2,3,1,3,5,Music
1,5,1,4,5,4,5,4,4,5,2,5,3,3,5,1,1,2,3,3,Music
3,4,4,1,4,3,5,3,1,1,3,4,1,4,1,3,2,3,3,2,Music
1,1,3,3,2,1,4,1,2,2,1,2,1,5,3,1,2,2,4,3,Music
3,5,5,2,1,1,5,4,4,5,5,3,3,4,5,2,2,4,2,3,Music
3,3,2,3,1,3,1,4,2,1,5,5,4,3,3,1,4,3,1,3,Music
5,1,3,1,4,4,3,5,4,1,5,3,4,4,3,2,4,5,1,2,Music
3,1,2,4,1,3,1,3,1,5,3,1,5,1,1,5,3,3,2,5,Music
1,2,1,4,5,1,5,2,2,2,3,5,5,2,4,4,2,4,1,3,Music
2,5,1,5,2,3,1,2,2,4,5,2,5,4,1,4,1,2,3,1,Music
5,3,3,2,4,4,4,2,5,2,4,5,4,2,4,1,2,5,3,3,Music
4,4,5,5,4,2,5,4,4,5,2,5,5,1,3,5,4,2,3,3,Music
2,4,3,3,3,2,3,3,4,2,2,2,4,3,1,5,4,1,2,4,Music
1,5,5,5,4,3,3,1,2,5,4,3,5,5,3,4,2,3,2,4,Music
2,3,3,1,4,1,5,3,3,4,1,5,1,4,3,2,4,4,5,5,Music
4,1,1,4,4,4,4,3,5,4,2,2,3,5,3,4,2,4,2,1,Music
4,5,4,2,3,1,5,4,3,4,1,5,3,2,5,2,4,1,5,2,Music
5,1,2,3,1,3,4,1,4,1,1,1,5,2,5,5,1,1,5,3,Music
1,1,4,4,5,2,1,4,2,5,2,3,1,2,1,3,5,2,1,1,Music
4,4,2,5,2,3,1,3,1,5,1,5,5,4,4,4,2,1,4,5,Music
5,1,1,5,1,2,3,3,4,4,3,3,2,2,4,4,5,2,2,3,Music
5,2,2,1,3,2,5,1,4,3,1,2,3,2,4,4,3,5,3,2,Music
3,2,5,4,5,5,2,5,3,3,2,3,1,4,1,1,2,4,5,5,Music
3,4,4,4,3,3,4,5,3,1,3,3,3,4,2,2,3,1,5,5,Music
1,1,4,5,5,5,2,5,2,1,2,1,1,2,2,4,5,1,2,4,Music
5,4,1,2,4,3,3,3,5,1,4,2,3,3,2,1,1,2,3,5,Music
1,3,2,2,1,5,2,2,4,1,3,2,3,4,2,3,1,5,2,4,Music
4,2,4,5,4,1,3,3,2,3,1,1,2,4,5,2,1,1,2,2,Music
3,1,3,4,3,1,3,1,2,1,1,1,4,1,1,2,3,4,2,4,Music
1,2,2,3,4,1,5,3,3,3,5,5,5,3,5,4,2,3,1,2,Music
1,1,1,1,5,1,3,2,5,5,3,3,2,2,2,3,4,4,5,2,Music
1,4,4,3,4,2,5,2,5,3,2,3,4,1,3,2,2,2,4,5,Music
1,5,1,2,3,2,4,3,5,4,2,4,5,5,3,5,1,4,1,3,Music
2,5,3,5,5,2,3,3,2,3,5,5,1,1,2,4,5,2,1,1,Music
3,2,3,3,5,1,4,4,5,2,5,5,4,2,5,2,2,1,2,1,Music
5,4,3,3,5,2,2,3,2,5,2,1,1,2,2,5,5,3,4,4,Music
1,1,2,4,4,2,2,3,2,4,5,3,1,5,1,1,1,5,1,4,Music
5,4,3,4,3,4,5,4,5,4,2,5,1,3,2,2,4,4,3,3,Music
4,3,5,5,5,1,3,5,2,4,2,4,5,3,3,2,4,2,1,3,Music
4,1,5,5,5,2,1,1,3,5,3,1,5,5,4,4,1,2,3,5,Music
4,1,2,1,4,3,1,1,5,5,2,3,4,5,2,4,1,4,3,2,Music
5,5,2,2,1,5,1,5,1,5,2,2,3,4,4,4,4,4,3,5,Music
4,4,5,2,5,3,2,1,5,3,1,1,4,2,5,1,3,1,2,3,Music
1,3,3,3,2,5,2,2,1,3,4,1,1,5,3,1,2,1,2,4,Music
1,2,3,3,2,5,5,4,1,3,5,4,3,5,5,3,2,4,4,2,Music
3,1,2,2,1,4,1,2,4,4,4,3,3,4,5,1,1,1,1,5,Music
5,5,4,4,1,3,1,2,1,4,3,3,4,5,3,4,4,3,3,2,Music
4,2,5,4,5,3,4,1,5,2,3,3,3,4,1,3,5,2,4,3,Music
3,1,4,3,2,2,5,1,1,1,2,2,3,5,2,1,1,1,4,3,Music
5,4,3,4,5,4,1,1,4,4,5,1,1,1,2,4,4,1,3,1,Music
3,5,3,1,1,4,4,2,1,5,4,4,1,4,4,4,1,1,4,2,Music
1,5,4,2,2,3,3,4,5,3,5,5,3,3,2,3,5,4,5,5,Music
1,4,1,3,4,3,4,2,2,1,2,1,3,1,5,3,2,1,2,2,Music
4,2,5,3,5,1,1,1,1,1,2,5,3,1,1,5,1,1,1,5,Music
2,4,4,5,3,3,1,1,5,3,5,2,5,1,1,4,1,2,2,4,Music
5,5,4,2,4,2,5,5,1,1,2,2,2,4,1,5,2,4,5,1,Music
5,3,2,4,5,5,2,5,1,3,1,5,5,1,4,5,3,1,3,2,Music
2,1,4,5,1,5,2,1,4,3,5,4,3,4,4,3,2,3,4,1,Music
3,1,1,2,1,3,5,3,4,2,4,4,4,4,4,4,1,4,5,1,Music
3,3,5,2,2,1,3,4,3,5,3,3,2,1,5,1,4,3,3,2,Music
2,5,1,2,4,2,5,5,1,1,3,5,2,4,4,2,4,4,4,5,Music
3,3,2,5,3,5,2,2,3,3,2,3,1,2,2,2,5,2,4,2,Music
1,1,3,2,2,2,3,5,2,4,4,4,5,2,5,1,5,2,2,1,Music
5,4,4,4,5,5,3,2,4,4,5,4,4,1,2,1,5,3,3,2,Music
5,3,3,3,1,4,5,2,3,2,5,3,1,3,3,2,2,2,3,4,Music
5,5,3,2,3,3,2,5,4,2,5,5,2,1,3,4,4,3,1,4,Music
3,1,5,3,2,1,1,2,5,4,4,5,3,1,3,4,4,2,5,2,Music
3,3,3,1,3,3,3,3,4,3,3,1,3,5,4,5,5,4,1,5,Music
3,4,1,3,5,2,5,4,5,4,1,4,3,5,3,5,4,3,2,5,Music
5,1,4,5,4,2,5,5,5,4,5,1,5,2,2,5,2,1,5,4,Music
5,4,5,2,4,2,4,3,2,1,1,4,3,4,5,4,2,5,2,5,Music
1,2,4,5,2,4,4,3,2,2,5,4,1,5,4,3,1,2,3,1,Music
5,1,2,3,3,4,1,2,1,3,5,4,4,2,1,5,3,5,1,1,Music
4,1,5,5,5,2,2,5,4,1,1,1,5,1,4,5,5,4,3,5,Music
5,4,3,2,5,2,4,4,2,2,2,5,5,2,3,4,5,2,1,3,Music
3,3,2,1,5,5,1,1,1,1,3,4,5,4,1,3,1,4,5,4,Music
1,2,2,1,1,4,5,4,3,4,4,2,5,4,4,4,4,3,1,5,Music
2,3,5,3,1,1,5,5,5,1,5,1,3,4,5,5,2,4,3,4,Music
3,2,5,1,4,3,4,3,2,5,5,5,2,4,1,3,4,1,2,2,Music
4,3,5,1,2,4,1,4,2,2,1,1,3,5,4,5,5,1,2,2,Music
1,5,4,3,3,2,2,3,1,3,4,1,1,4,1,5,3,2,5,4,Music
2,5,5,1,4,3,2,3,5,3,5,4,5,2,5,3,4,1,1,1,Music
1,5,1,1,1,5,4,3,5,4,3,5,4,5,5,5,4,5,3,4,Music
5,3,2,4,2,3,1,1,1,4,4,2,5,2,1,1,3,3,2,1,Music
2,2,4,3,2,5,2,1,4,4,4,4,2,4,1,3,2,2,2,4,Music
4,3,5,1,1,4,4,5,1,3,3,4,3,5,5,5,3,1,2,2,Music
2,2,2,3,2,2,5,2,4,4,1,1,4,5,5,4,1,4,5,5,Music
5,3,1,2,5,5,4,3,3,2,2,1,5,1,2,4,2,3,5,4,Music
2,2,2,1,5,2,2,1,2,1,5,5,1,5,2,1,2,1,1,5,Music
2,4,1,1,1,1,4,4,5,3,1,2,3,1,3,2,3,5,1,3,Music
3,1,5,1,4,2,1,2,3,2,2,2,2,5,3,2,2,5,2,1,Music
4,4,4,3,2,2,1,4,5,5,2,3,3,4,2,5,3,2,4,3,Music
2,2,5,4,5,3,1,1,5,2,1,2,1,5,3,3,3,4,2,4,Music
5,1,1,1,2,5,4,2,2,5,2,2,5,1,4,2,1,3,5,3,Music
2,1,1,1,5,2,5,3,2,2,4,3,4,2,1,3,1,2,2,3,Music
5,2,5,2,5,2,4,5,1,5,4,1,4,1,3,3,3,4,1,4,Music
4,2,2,2,3,3,3,2,4,5,1,1,1,3,4,5,4,4,2,4,Music
4,2,1,2,1,3,1,4,2,1,2,5,1,3,1,1,3,4,5,5,Music
5,1,1,2,5,1,1,2,3,4,4,4,1,1,4,1,4,3,3,3,Music
5,4,1,3,2,4,4,4,3,5,5,3,4,5,1,2,5,3,3,4,Music
2,3,2,4,2,3,4,3,4,2,3,2,3,3,5,5,3,5,3,5,Music
1,3,4,3,2,2,4,4,3,1,2,2,4,3,1,1,3,1,2,4,Music
1,4,4,5,4,2,3,5,2,5,1,1,4,4,1,5,1,4,5,4,Music
2,3,4,4,5,5,3,2,1,1,5,3,4,2,1,2,5,5,3,1,Music
5,3,5,1,3,2,5,5,2,2,2,1,4,1,5,3,2,2,2,3,Music
5,5,5,3,2,3,1,3,4,2,3,4,1,4,2,3,5,1,1,3,Music
5,3,5,5,1,4,2,3,5,1,4,1,4,4,5,2,4,4,1,4,Music
2,4,4,3,3,1,1,1,5,4,3,5,4,3,1,5,3,3,2,2,Music
1,5,2,3,5,5,5,1,2,5,2,1,1,3,1,4,5,3,3,1,Music
4,3,4,1,2,4,4,1,2,4,3,2,3,4,4,5,2,1,3,5,Music
3,4,3,5,1,2,1,4,1,3,5,2,2,1,1,5,2,5,5,5,Music
3,1,1,1,4,2,3,5,1,2,4,5,4,4,2,2,1,1,4,3,Music
3,1,1,2,2,3,1,4,1,2,2,5,3,1,2,2,5,2,4,3,Music
2,2,2,3,5,2,4,3,5,1,5,5,2,4,1,1,3,5,3,2,Music
4,3,2,5,2,1,2,1,1,1,2,2,2,1,3,5,1,3,1,4,Music
1,1,4,3,2,5,4,5,4,5,5,5,3,4,4,5,1,5,3,4,Music
2,5,2,4,2,5,2,2,5,4,5,1,5,2,4,1,1,2,3,1,Music
1,2,3,1,1,2,4,3,3,1,2,1,3,5,1,1,5,4,5,1,Music
4,2,2,5,1,2,1,5,1,1,4,3,3,2,1,1,5,1,4,1,Music
5,2,5,2,4,3,4,2,4,2,1,5,4,5,3,2,2,2,3,3,Music
3,4,2,5,1,1,1,4,4,3,1,1,3,5,2,3,2,5,1,5,Music
3,1,4,2,3,1,5,2,2,2,4,1,1,1,3,4,4,2,5,5,Music
1,1,4,5,1,2,5,3,4,1,3,2,2,5,3,3,4,5,4,1,Music
1,3,3,3,1,2,4,4,4,4,5,4,2,4,2,1,2,3,4,2,Music
2,3,5,4,4,4,1,1,2,1,1,4,1,1,2,1,3,5,1,3,Music
1,4,3,1,3,2,4,5,3,5,5,2,1,3,2,3,5,3,3,2,Music
3,5,3,4,3,4,1,2,3,5,1,1,1,2,5,4,5,3,1,4,Music
2,5,5,5,2,2,1,1,3,1,5,2,2,1,2,2,5,1,5,2,Music
3,5,2,4,3,2,5,2,4,1,4,3,3,2,2,4,1,4,5,1,Music
3,3,4,4,2,4,4,3,4,4,3,5,5,5,3,4,2,4,3,2,Music
1,2,4,2,1,1,4,1,3,1,5,2,5,5,5,5,1,1,3,2,Music
4,5,1,2,1,5,2,1,5,1,4,2,4,3,2,4,1,3,3,2,Music
4,5,1,5,5,3,1,2,1,4,5,4,2,4,3,2,3,4,3,2,Music
1,3,3,1,1,4,1,5,5,2,2,3,3,4,2,1,4,3,3,1,Music
2,4,3,5,3,5,1,2,2,5,1,1,5,1,5,2,1,3,1,1,Music
1,2,2,5,3,3,5,5,4,3,3,5,1,1,1,2,1,5,5,5,Music
5,4,4,3,3,3,1,3,3,4,2,2,2,4,3,1,2,3,2,4,Music
1,2,4,3,2,5,3,1,2,4,3,1,5,3,1,5,5,5,4,2,Music
2,2,2,1,1,1,4,1,1,1,2,2,4,3,1,4,4,3,3,5,Music
2,5,2,3,5,5,4,4,1,3,1,3,1,5,4,2,4,3,4,2,Music
4,3,5,2,3,1,3,4,1,5,3,3,5,1,3,5,5,2,4,2,Music
1,5,1,4,2,2,5,1,5,5,3,5,2,2,4,5,2,3,4,5,Music
5,4,2,4,1,2,4,2,5,2,3,1,3,2,2,1,3,4,5,4,Music
2,3,1,3,5,3,5,1,3,2,2,1,3,5,4,2,1,3,4,3,Music
2,1,5,2,3,5,2,3,3,1,5,5,2,3,5,2,1,1,2,2,Music
4,3,3,4,3,2,3,3,4,1,3,5,3,5,3,1,2,1,3,3,Music
5,3,1,3,5,1,5,2,4,3,4,1,2,2,3,5,2,2,4,4,Music
3,3,3,1,1,4,3,5,3,4,3,3,2,2,3,4,2,1,2,4,Music
1,3,1,5,3,5,2,2,3,2,4,1,1,3,1,2,3,2,3,5,Music
1,3,3,4,1,1,1,5,2,3,3,4,5,5,5,5,3,1,5,4,Music
2,2,5,1,3,3,3,4,5,2,2,1,5,5,3,3,2,1,4,4,Music
3,5,5,2,5,2,4,2,3,3,1,4,4,2,4,4,4,1,4,5,Music
1,1,5,4,3,2,1,1,4,4,3,5,2,2,5,3,3,4,5,3,Music
1,3,4,3,1,5,4,3,4,1,2,2,3,5,3,3,3,1,3,4,Music
5,2,4,2,4,5,2,1,2,4,5,4,5,2,3,5,5,2,5,4,Music
3,3,2,5,5,5,4,5,5,4,5,3,3,5,4,5,5,4,3,3,Music
4,3,4,2,2,3,5,1,4,1,5,3,1,3,2,4,4,1,4,5,Music
1,1,1,3,1,3,3,1,5,4,1,1,3,5,3,2,1,3,2,3,Music
2,2,3,1,2,3,4,3,5,3,4,3,3,3,4,3,2,4,3,3,Music
5,4,5,3,4,1,2,3,4,1,4,2,4,2,3,4,4,1,3,2,Music
2,5,4,5,4,2,2,1,5,3,4,4,5,3,2,3,1,4,1,3,Music
3,1,3,4,3,3,5,2,4,1,5,3,4,3,5,4,4,2,3,4,Music
4,4,1,4,4,1,4,1,4,3,1,4,3,5,2,3,1,2,1,2,Music
2,1,5,4,4,5,4,5,3,4,5,5,5,5,3,1,2,1,1,2,Music
4,5,1,5,2,4,4,5,5,2,3,5,3,2,4,4,2,2,2,3,Music
5,2,4,3,1,3,1,1,3,1,1,4,4,4,1,5,1,5,1,5,Music
2,2,1,2,4,3,3,3,2,5,1,3,1,2,1,5,4,5,2,1,Music
3,5,3,3,5,4,4,1,3,3,3,4,4,5,5,4,4,1,4,5,Music
4,4,4,2,2,3,4,1,4,3,4,1,5,2,5,1,2,4,3,3,Music
2,2,1,1,1,2,5,2,2,3,2,4,3,5,4,4,4,2,1,4,Music
4,5,4,4,2,4,5,2,5,3,3,5,2,3,4,3,1,4,5,4,Music
5,3,4,3,4,3,1,4,3,4,2,3,1,5,5,4,4,2,5,5,Music
2,3,2,1,3,2,4,3,5,4,4,3,5,5,5,4,4,2,4,5,Music
4,5,5,4,4,4,5,5,2,3,3,1,2,4,5,1,4,3,4,2,Music
1,4,2,2,4,4,2,4,5,3,5,4,2,2,5,1,3,3,5,1,Music
4,5,1,1,1,5,5,4,5,5,3,1,1,4,5,2,5,3,1,3,Music
1,3,4,2,4,2,1,1,1,3,3,4,4,5,5,4,4,5,2,1,Music
5,1,5,5,3,1,4,3,3,4,2,3,4,2,3,5,4,3,4,3,Music
2,2,3,5,1,5,1,1,5,1,1,5,5,5,1,3,2,2,4,5,Music
3,1,3,1,2,1,5,4,1,1,3,5,1,2,5,2,4,5,5,1,Music
1,3,1,5,1,4,3,4,1,5,1,2,3,5,2,5,1,3,1,4,Music
2,4,3,3,3,1,1,1,1,5,2,1,4,2,4,4,3,1,2,2,Music
2,3,5,5,3,4,5,4,5,4,3,4,4,2,2,4,1,2,5,2,Music
5,3,4,2,2,4,3,4,1,2,5,4,4,1,5,1,5,3,1,5,Music
2,4,2,3,3,1,5,3,3,5,1,3,3,3,3,3,4,4,3,3,Music
2,1,2,5,1,2,2,3,2,4,4,3,1,1,3,5,5,2,2,4,Music
2,2,5,3,4,2,1,4,5,1,4,5,3,5,5,1,2,1,2,3,Music
5,1,1,1,2,4,5,5,3,1,4,4,4,2,4,3,4,4,3,1,Music
4,1,1,2,3,3,5,4,2,2,1,5,3,4,5,1,1,1,1,4,Music
2,3,1,3,3,2,4,4,5,1,4,4,5,1,3,5,1,5,1,1,Music
2,1,5,4,2,5,3,5,3,2,1,4,3,1,3,2,2,2,2,4,Music
4,4,3,4,1,1,2,2,5,4,5,1,4,5,5,4,2,5,4,1,Music
5,3,1,2,3,5,4,4,4,3,1,4,4,4,1,2,2,2,2,1,Music
4,4,3,4,2,1,3,5,5,5,1,2,1,5,1,1,3,4,5,5,Music
