5,1,5,1,3,4,1,1,4,5,1,1,1,3,5,3,1,3,5,2,Photography
2,2,4,2,3,4,2,3,1,4,1,3,1,2,2,5,4,4,5,1,Photography
3,2,2,4,4,4,4,1,3,2,5,2,1,2,1,3,4,3,5,2,Photography
2,4,4,3,3,2,5,1,1,4,4,4,4,2,4,2,2,2,3,4,Photography
4,3,2,2,1,4,3,5,3,2,4,2,5,4,5,3,1,4,2,4,Photography
1,1,3,1,3,2,5,4,1,5,1,4,5,3,2,5,2,4,4,5,Photography
5,1,5,3,1,1,3,3,3,4,4,5,4,5,2,5,1,1,5,4,Photography
5,1,5,3,5,1,4,5,4,2,5,3,2,2,3,4,1,5,1,1,Photography
4,5,5,4,3,4,3,2,5,3,5,3,2,2,4,3,4,5,4,2,Photography
1,1,2,4,5,3,1,2,1,3,4,4,4,5,3,5,2,4,4,1,Photography
4,1,5,5,4,2,3,1,3,1,4,4,1,3,4,4,1,5,2,4,Photography
3,2,3,4,5,4,3,3,4,4,1,1,2,1,1,2,4,5,5,2,Photography
1,2,5,1,1,2,5,5,1,2,1,4,5,4,1,4,3,1,2,1,Photography
4,3,2,5,3,5,1,4,4,3,5,2,2,2,3,1,3,2,4,4,Photography
2,1,5,1,2,4,4,2,1,4,2,1,5,5,2,1,5,2,4,2,Photography
4,2,1,5,5,5,1,5,1,5,2,2,4,1,3,2,5,1,2,3,Photography
1,1,5,1,5,2,4,4,4,2,3,5,1,3,3,5,4,3,5,5,Photography
4,2,4,3,1,1,2,1,2,3,5,5,4,1,2,1,4,4,2,2,Photography
1,2,1,1,2,2,2,5,2,3,5,2,4,3,4,5,1,1,4,2,Photography
4,5,5,5,2,1,1,3,5,3,3,5,1,4,1,1,3,2,3,2,Photography
4,1,4,4,2,1,2,1,1,1,1,5,1,4,4,3,2,2,5,5,Photography
3,4,2,1,1,4,2,1,1,1,2,2,1,1,3,4,2,5,2,3,Photography
3,4,4,5,3,5,1,1,1,5,5,5,3,4,2,2,2,2,5,5,Photography
5,4,3,5,4,2,2,1,3,5,3,2,5,5,3,4,4,1,2,2,Photography
5,3,1,1,4,4,2,3,4,1,1,5,2,3,4,2,3,2,4,1,Photography
4,5,2,2,3,2,1,5,4,4,3,1,5,1,1,3,2,3,5,5,Photography
4,1,4,1,2,1,4,3,4,2,2,1,4,4,4,2,2,1,3,3,Photography
5,3,1,3,2,3,3,2,3,5,4,1,3,4,4,3,4,2,4,5,Photography
4,2,5,2,1,4,2,4,3,2,3,5,1,2,3,1,3,4,2,3,Photography
3,4,1,1,1,4,4,2,5,5,1,1,3,4,1,1,4,4,4,3,Photography
4,5,3,2,3,2,4,5,2,4,5,5,5,4,1,4,2,2,4,5,Photography
1,5,2,4,2,2,5,5,2,3,4,5,5,3,5,3,3,4,1,5,Photography
4,2,1,5,4,3,1,2,2,1,1,1,4,3,3,1,3,2,3,4,Photography
1,5,1,2,5,5,2,3,2,3,1,1,4,5,4,1,2,3,1,1,Photography
3,2,1,2,3,3,5,4,2,5,4,2,4,5,1,1,1,4,1,3,Photography
2,1,3,1,5,3,1,1,4,5,2,3,1,2,4,5,3,4,3,1,Photography
1,5,1,2,3,3,5,3,3,4,4,1,3,2,2,5,3,3,1,3,Photography
4,5,3,4,4,4,1,5,3,4,4,5,5,4,2,5,4,4,2,2,Photography
2,2,2,3,1,2,4,5,5,1,1,1,3,2,5,1,5,1,3,4,Photography
2,3,3,1,5,1,3,1,4,3,3,1,4,2,3,2,4,4,1,2,Photography
5,5,2,1,1,1,5,3,3,3,5,3,1,5,2,3,5,3,3,2,Photography
2,2,2,4,2,1,5,4,1,4,5,1,5,2,3,4,2,5,2,4,Photography
4,5,3,3,5,1,3,4,4,1,1,5,5,1,4,5,5,1,3,2,Photography
4,1,5,2,1,1,4,2,3,1,3,5,5,3,1,4,1,4,1,3,Photography
4,3,4,1,3,4,5,3,1,1,4,1,5,5,2,3,4,4,2,5,Photography
4,3,5,2,2,1,4,1,2,4,2,4,5,1,3,5,4,3,3,1,Photography
5,1,5,5,2,4,2,2,3,3,4,5,3,5,2,2,1,2,1,5,Photography
1,3,5,1,4,1,5,1,1,1,5,3,5,5,2,5,4,1,4,5,Photography
5,5,1,1,1,2,4,3,1,2,3,5,2,2,3,4,3,3,5,1,Photography
2,2,3,5,2,3,5,5,1,1,2,5,3,5,1,5,1,1,5,2,Photography
1,3,1,1,2,4,4,4,3,4,3,3,3,3,3,5,5,1,5,5,Photography
3,4,4,3,4,1,4,4,3,1,5,2,5,4,1,5,1,2,3,4,Photography
1,4,5,3,3,4,3,1,3,2,1,3,1,3,3,5,2,2,3,4,Photography
1,3,4,5,2,1,5,3,2,4,3,3,1,2,5,4,3,4,1,1,Photography
2,4,4,4,4,2,1,5,3,4,2,1,5,5,1,4,2,1,3,2,Photography
1,2,3,1,3,4,4,1,3,5,3,5,4,1,2,2,4,3,5,4,Photography
4,2,3,4,4,1,2,3,4,5,1,1,4,1,1,5,4,3,1,1,Photography
5,3,1,4,2,5,4,3,5,5,5,1,3,4,5,3,2,4,3,1,Photography
3,4,5,2,1,2,4,1,2,2,2,2,2,4,4,1,4,2,4,5,Photography
3,2,5,5,5,3,1,4,4,5,3,4,5,2,4,2,4,2,5,4,Photography
1,3,5,3,2,2,3,5,2,2,2,5,1,1,3,5,5,3,3,3,Photography
3,1,5,2,1,4,3,2,2,4,3,3,1,2,4,4,2,5,1,4,Photography
4,3,5,1,4,1,1,5,4,3,1,4,4,4,1,5,1,2,2,2,Photography
3,1,1,4,2,3,2,1,3,5,2,4,3,3,4,1,2,3,4,4,Photography
1,5,2,2,3,2,3,1,5,5,3,4,5,4,2,4,3,3,1,3,Photography
3,1,3,2,1,2,4,5,4,4,4,2,5,2,4,2,1,5,3,2,Photography
4,3,2,3,2,5,4,5,3,2,4,5,3,1,2,2,3,4,2,3,Photography
3,5,5,5,5,5,2,4,2,1,1,4,2,3,1,4,4,5,4,1,Photography
4,2,1,2,5,1,5,5,5,3,2,4,1,4,1,2,4,4,1,4,Photography
2,1,4,1,1,4,3,5,1,2,5,3,2,5,2,2,4,5,5,3,Photography
2,2,5,4,3,1,1,4,2,2,4,3,3,3,2,2,5,3,5,5,Photography
2,1,2,3,2,5,1,5,3,4,4,4,5,4,4,2,5,5,2,2,Photography
3,2,2,2,3,3,4,5,4,1,4,5,5,5,3,3,2,3,3,1,Photography
1,3,3,2,3,4,2,3,2,4,2,3,5,3,3,4,4,3,2,3,Photography
1,2,5,4,5,4,1,3,1,5,4,5,1,2,1,1,5,2,5,2,Photography
1,4,4,5,3,2,3,4,3,4,3,5,4,4,3,2,1,4,3,2,Photography
4,3,5,5,2,3,4,2,3,2,4,1,1,5,3,1,3,3,1,5,Photography
3,1,1,4,1,5,4,2,2,4,1,1,2,2,4,4,4,1,5,4,Photography
1,3,3,2,5,5,4,3,4,4,1,3,5,1,2,2,2,2,1,3,Photography
1,2,3,3,5,2,5,1,2,4,3,3,3,3,5,5,2,5,2,4,Photography
1,3,1,5,3,3,5,4,4,3,5,2,5,5,4,2,1,5,4,1,Photography
1,4,1,1,1,5,5,2,2,2,5,2,5,1,5,3,5,3,3,5,Photography
4,3,1,5,4,3,4,1,4,3,2,3,3,3,3,3,1,5,3,1,Photography
4,5,4,4,2,4,4,5,3,1,2,4,3,1,4,3,1,4,4,4,Photography
2,3,5,3,2,4,1,2,5,2,1,3,1,3,2,5,5,5,2,4,Photography
1,5,2,2,1,4,2,4,4,2,4,4,3,3,2,3,1,5,2,1,Photography
4,4,5,3,5,2,5,2,2,3,1,3,4,2,1,3,5,3,3,3,Photography
5,2,2,2,3,4,4,3,5,4,2,2,2,5,1,3,1,5,3,3,Photography
1,5,1,1,4,4,5,1,3,2,3,5,2,5,3,2,2,1,4,5,Photography
3,2,5,4,4,5,1,2,2,4,3,2,3,2,4,2,2,1,5,4,Photography
4,2,5,5,3,3,4,5,5,2,5,3,3,1,2,1,3,3,2,5,Photography
3,4,1,2,4,4,3,3,4,4,1,2,5,1,2,1,2,5,2,4,Photography
4,2,1,1,1,2,3,2,5,5,3,4,5,5,3,1,1,2,1,2,Photography
4,3,5,2,1,5,4,3,4,3,3,2,1,3,2,4,5,1,5,3,Photography
2,2,4,5,3,5,2,4,2,4,3,1,2,4,4,5,5,5,5,5,Photography
3,2,1,1,5,2,1,2,4,1,4,1,2,5,3,5,1,5,3,3,Photography
3,1,4,5,2,1,4,5,1,2,3,2,5,3,3,5,5,5,5,3,Photography
5,2,1,4,5,2,2,4,3,1,2,4,4,2,4,2,2,2,2,1,Photography
5,1,1,4,5,2,2,4,5,1,5,5,3,2,2,5,2,2,4,4,Photography
5,4,4,4,1,3,2,1,3,4,3,4,1,2,4,5,3,5,4,3,Photography
2,3,1,5,1,4,5,1,4,3,3,5,1,1,1,5,1,4,4,4,Photography
5,5,1,2,4,1,4,1,3,3,3,4,4,4,3,1,3,2,2,3,Photography
4,1,1,2,2,2,1,3,2,2,3,4,2,4,3,1,1,5,2,3,Photography
4,4,2,3,1,5,5,5,3,5,3,5,3,2,3,3,1,3,4,2,Photography
2,1,2,2,1,3,2,5,1,3,5,1,2,1,4,3,1,3,3,3,Photography
3,1,4,4,2,3,2,4,2,5,1,5,2,4,2,3,5,2,1,1,Photography
2,4,2,5,4,5,1,4,4,1,1,4,1,5,5,4,4,3,3,2,Photography
2,5,3,4,4,4,5,2,1,2,1,5,5,1,2,5,2,5,4,3,Photography
5,2,4,3,1,4,2,4,5,3,2,2,4,4,3,3,5,2,1,2,Photography
4,3,1,2,1,3,2,1,5,1,2,5,2,1,4,1,4,4,5,5,Photography
2,3,4,2,2,2,5,1,3,2,4,4,5,2,3,1,5,1,5,3,Photography
5,1,3,3,1,2,1,5,2,2,1,5,5,2,3,1,3,4,5,1,Photography
5,3,5,1,5,1,5,1,4,4,2,3,5,1,2,4,1,5,5,1,Photography
2,5,2,2,3,1,3,3,5,4,4,3,1,4,1,5,4,1,3,2,Photography
4,2,3,2,2,4,1,2,3,2,1,4,2,3,1,1,4,4,4,3,Photography
5,2,1,5,4,5,1,4,5,3,4,2,1,4,2,3,4,4,3,2,Photography
3,3,3,5,2,1,5,5,4,1,4,5,3,4,5,4,2,1,3,2,Photography
5,4,2,1,4,3,2,5,1,5,3,3,4,5,4,3,1,4,4,2,Photography
4,2,3,5,1,5,1,2,2,1,2,1,1,5,1,3,2,5,5,1,Photography
1,2,3,5,5,1,4,4,2,1,1,5,5,5,1,1,1,3,5,4,Photography
3,3,3,1,5,3,5,1,1,5,3,2,2,3,3,5,1,2,1,3,Photography
3,2,5,1,2,1,5,3,1,1,2,3,2,5,4,1,3,2,4,2,Photography
3,2,1,1,5,4,3,4,2,2,1,2,1,2,4,2,1,1,4,2,Photography
3,2,5,3,3,2,4,4,1,2,5,1,5,3,2,1,2,1,3,1,Photography
2,1,3,5,2,5,3,3,3,5,3,2,5,4,4,4,1,5,5,2,Photography
2,1,1,5,1,2,4,5,5,4,1,1,5,5,2,4,5,2,2,3,Photography
5,1,5,3,5,2,4,3,1,5,5,2,3,3,5,1,3,5,4,2,Photography
2,5,5,3,4,1,3,4,1,4,3,1,4,2,3,2,2,1,5,3,Photography
1,3,4,2,1,1,1,4,4,2,2,4,1,4,4,4,4,2,1,4,Photography
5,4,1,1,4,3,5,1,2,3,4,2,3,1,1,4,5,3,5,2,Photography
2,2,5,2,1,1,2,3,4,5,2,3,4,2,5,3,5,1,5,4,Photography
5,3,5,2,2,2,2,3,1,5,5,4,5,5,5,3,4,3,2,3,Photography
3,5,3,5,1,4,4,4,2,1,2,3,3,2,3,2,2,4,3,3,Photography
5,3,1,5,3,1,5,1,1,2,3,1,5,4,2,2,3,2,5,4,Photography
3,3,3,1,2,5,2,1,1,3,5,5,4,3,1,3,4,4,2,2,Photography
1,2,2,2,5,1,4,4,2,4,1,1,4,2,2,5,5,5,2,1,Photography
5,4,2,4,4,2,2,5,1,4,4,5,5,5,2,1,2,5,4,5,Photography
1,2,3,2,5,5,4,5,1,5,3,5,2,2,3,5,4,1,1,5,Photography
5,3,3,3,1,1,1,1,5,1,4,5,3,2,1,2,4,4,4,2,Photography
2,3,1,1,1,2,3,4,2,2,2,5,5,4,3,5,3,1,4,2,Photography
1,3,1,5,1,4,1,2,3,3,4,2,4,5,1,4,3,2,3,1,Photography
4,2,3,1,5,5,1,5,4,5,1,1,5,5,4,1,2,5,2,1,Photography
5,2,1,4,3,3,3,1,4,4,4,4,5,2,1,2,5,1,1,5,Photography
4,2,2,4,1,4,1,4,4,3,5,5,5,5,4,5,3,4,5,2,Photography
5,4,1,3,2,1,1,4,4,4,1,3,1,1,2,3,4,4,3,2,Photography
4,2,2,1,4,4,4,4,4,2,5,2,1,3,2,1,2,4,2,4,Photography
1,3,2,1,1,3,3,2,4,5,3,2,3,3,5,1,1,4,1,3,Photography
4,3,2,4,4,3,3,2,5,1,2,3,1,5,1,3,3,5,1,3,Photography
1,2,2,1,3,3,1,1,4,4,1,1,4,3,5,4,4,5,3,1,Photography
3,4,3,5,5,1,3,3,5,5,3,3,1,5,4,4,1,3,5,1,Photography
3,4,3,4,4,5,3,3,5,5,4,4,5,2,3,2,5,2,2,2,Photography
4,3,2,2,4,1,1,2,3,2,4,3,5,4,2,2,3,4,1,2,Photography
3,3,3,3,5,5,1,4,4,2,2,4,5,3,3,2,4,4,4,2,Photography
1,1,4,4,2,2,4,5,5,3,2,5,4,2,3,5,5,1,2,4,Photography
2,2,2,3,4,5,3,1,3,4,2,1,4,2,1,2,2,1,1,4,Photography
1,5,1,4,2,5,5,2,3,3,3,2,4,3,3,3,3,1,4,1,Photography
2,4,4,2,5,4,5,1,5,5,4,3,5,3,5,2,4,1,4,3,Photography
4,5,5,4,1,1,4,1,2,2,3,3,3,3,4,1,5,5,2,4,Photography
2,3,4,3,2,4,4,5,5,2,2,2,1,4,5,5,2,3,4,5,Photography
5,4,1,2,3,1,4,1,4,1,5,3,3,1,3,3,2,1,3,3,Photography
1,3,2,3,1,5,3,5,4,3,5,4,1,5,5,3,3,2,3,4,Photography
2,2,2,1,2,5,4,4,3,5,1,1,4,2,1,3,5,5,4,5,Photography
5,5,5,4,5,4,5,2,3,5,5,1,2,1,1,3,2,1,3,4,Photography
5,4,5,3,3,2,2,4,3,4,2,1,4,2,2,2,3,1,3,3,Photography
5,2,3,4,1,3,4,2,5,4,2,3,1,4,2,3,5,2,5,5,Photography
4,2,3,1,1,3,4,2,1,3,4,2,2,1,3,1,3,2,5,1,Photography
4,2,5,4,1,5,3,3,3,3,4,3,3,1,3,5,4,4,5,1,Photography
4,1,1,1,1,5,2,2,4,4,3,4,2,3,1,1,3,5,5,2,Photography
4,1,4,2,2,2,5,3,5,5,4,2,5,2,1,5,2,3,3,5,Photography
3,5,2,3,5,1,5,5,4,2,2,5,1,5,2,2,2,3,2,2,Photography
1,5,4,3,5,3,2,3,2,4,3,4,1,4,4,2,2,3,3,2,Photography
5,1,1,4,2,4,4,3,5,3,5,2,4,4,5,1,5,3,2,1,Photography
5,3,1,5,4,1,2,4,5,4,1,2,4,3,1,3,3,4,1,5,Photography
3,4,3,4,2,3,1,4,1,2,5,3,1,4,2,5,4,4,4,2,Photography
1,4,2,3,1,2,3,1,4,1,2,5,5,4,4,3,4,3,4,2,Photography
2,1,1,4,4,3,3,5,4,2,4,5,1,5,1,1,1,4,3,5,Photography
5,3,3,3,2,2,3,4,4,2,2,2,3,1,2,1,1,4,3,1,Photography
4,3,5,1,3,2,1,2,5,5,1,4,3,3,4,4,5,3,3,2,Photography
2,1,4,2,4,5,5,4,5,5,3,4,4,3,1,1,1,5,5,3,Photography
4,1,4,1,2,5,1,3,3,3,5,4,1,4,3,5,1,3,2,5,Photography
2,1,1,2,1,5,5,3,5,3,4,1,3,5,3,4,5,3,1,4,Photography
2,2,1,4,4,4,1,1,3,3,2,4,4,5,3,1,2,3,5,5,Photography
5,4,5,1,3,3,2,4,5,1,4,1,2,1,4,1,3,3,2,5,Photography
3,3,4,2,4,1,5,4,2,3,4,1,2,5,4,3,2,2,4,4,Photography
3,5,4,4,2,2,3,3,5,1,5,3,4,4,2,5,1,2,2,3,Photography
1,5,5,3,1,5,1,3,5,4,5,2,3,5,2,3,2,2,4,5,Photography
1,5,3,5,2,2,1,5,2,4,1,2,4,3,3,4,4,3,4,5,Photography
2,2,1,4,2,3,4,5,3,1,5,5,1,5,1,4,3,3,1,5,Photography
3,5,2,2,3,3,1,4,5,2,1,3,3,4,2,4,3,2,2,5,Photography
2,4,4,5,5,1,4,5,1,2,5,5,3,4,3,2,4,5,1,1,Photography
5,2,4,1,2,3,5,4,3,2,2,2,1,5,3,3,4,2,1,2,Photography
2,2,4,5,1,4,2,2,4,3,1,5,1,2,3,5,1,5,1,3,Photography
2,5,3,2,3,5,5,2,3,1,4,1,5,1,5,1,3,3,1,3,Photography
4,3,1,4,4,2,2,4,3,3,5,4,5,2,5,2,3,3,4,1,Photography
4,1,1,3,2,4,2,1,5,1,1,4,5,4,2,4,1,4,4,1,Photography
1,3,1,1,5,3,2,4,1,5,2,4,5,2,3,5,2,5,3,5,Photography
4,1,3,2,2,2,4,1,2,3,2,5,1,4,4,1,1,4,3,1,Photography
2,4,4,2,3,2,3,1,2,2,1,2,5,2,1,4,4,1,5,4,Photography
4,5,1,2,5,2,3,5,5,5,1,2,4,5,5,3,5,1,1,3,Photography
1,4,5,2,4,4,1,2,4,2,3,4,3,3,3,2,1,3,1,4,Photography
1,1,5,2,2,1,2,5,1,3,3,4,1,4,5,2,3,2,5,5,Photography
1,3,4,5,2,4,5,4,3,2,5,1,3,2,3,4,5,3,3,3,Photography
4,2,1,5,1,5,2,5,4,1,5,3,1,2,2,4,2,1,4,1,Photography
3,4,1,4,3,2,1,4,5,4,1,3,2,3,1,4,1,1,3,2,Photography
1,2,2,5,5,2,4,2,5,2,1,2,1,3,1,1,4,4,4,2,Photography
5,4,1,5,2,4,1,1,5,5,4,1,3,3,4,5,2,3,5,5,Photography
1,5,5,4,3,4,4,2,5,2,1,1,2,3,1,4,5,5,3,4,Photography
2,4,1,1,1,3,4,3,2,1,1,4,2,1,1,4,3,3,4,5,Photography
4,5,2,3,4,1,4,4,4,5,5,5,4,1,3,3,4,2,4,2,Photography
5,1,4,4,3,2,3,2,4,4,1,2,3,4,3,1,1,4,4,2,Photography
3,3,1,3,3,1,5,4,2,5,2,5,4,3,2,1,4,5,2,3,Photography
2,2,1,1,2,2,1,2,3,1,1,5,5,4,2,3,1,4,5,1,Photography
4,1,1,5,3,4,4,4,2,4,4,4,4,3,3,5,5,3,1,3,Photography
4,5,5,4,1,3,2,4,3,1,4,1,3,3,5,3,4,4,1,4,Photography
4,4,1,5,4,4,3,4,1,1,1,3,1,2,5,5,2,4,4,2,Photography
5,3,3,2,3,2,1,5,4,1,1,4,3,3,5,2,5,4,5,3,Photography
2,3,5,4,2,5,1,5,4,3,4,4,5,2,2,2,3,2,1,3,Photography
5,2,2,2,5,5,1,5,5,1,4,3,5,5,4,4,2,3,4,5,Photography
2,1,4,4,5,1,3,2,3,3,5,4,3,4,4,4,3,4,2,3,Photography
2,2,1,4,4,4,5,3,1,3,4,2,4,1,3,2,5,2,4,5,Photography
3,2,1,5,3,5,4,1,3,5,2,1,5,1,1,4,1,4,1,2,Photography
4,5,1,5,3,2,2,2,2,2,5,1,3,1,2,2,4,3,4,3,Photography
5,3,2,2,1,2,1,2,3,4,5,3,5,1,4,5,3,5,3,3,Photography
3,2,1,2,1,2,5,4,5,2,3,3,3,5,5,2,4,1,2,1,Photography
2,3,1,3,1,3,1,5,2,3,3,1,3,5,3,5,1,3,3,5,Photography
1,5,4,1,4,1,1,3,3,4,1,4,2,5,4,5,5,2,1,2,Photography
1,2,3,5,3,1,2,4,2,5,3,2,1,5,2,1,1,2,4,4,Photography
5,3,3,3,5,4,4,3,5,3,3,4,3,4,4,1,3,1,1,1,Photography
2,2,2,4,5,5,2,1,3,3,2,4,5,4,2,1,1,3,5,2,Photography
1,2,3,2,4,1,5,4,3,3,1,1,3,4,1,4,3,2,2,3,Photography
3,5,1,1,2,2,5,5,5,2,3,2,2,2,4,1,5,5,3,2,Photography
3,1,5,4,3,1,2,1,2,2,4,1,1,5,3,1,4,3,2,3,Photography
1,2,1,3,3,3,4,4,1,1,1,1,2,1,2,1,4,5,2,2,Photography
2,3,3,2,4,3,3,1,2,3,3,3,4,3,5,3,2,3,2,1,Photography
1,4,1,2,5,4,4,2,3,4,3,4,2,3,2,4,3,4,1,3,Photography
5,5,2,3,5,5,5,1,4,2,1,2,4,2,4,5,5,4,5,4,Photography
4,2,1,4,2,1,5,3,5,4,4,5,4,2,4,4,3,1,3,4,Photography
4,3,5,2,4,3,4,2,2,3,2,2,4,1,1,1,1,5,5,2,Photography
2,1,4,5,5,5,4,2,2,4,1,1,2,2,2,2,5,1,4,3,Photography
1,3,1,4,4,2,3,4,3,1,5,3,5,5,3,4,3,5,5,4,Photography
5,1,2,5,4,3,1,1,4,5,1,3,3,1,2,4,4,3,1,5,Photography
2,2,1,5,5,3,2,4,1,5,5,3,4,1,1,4,4,2,5,5,Photography
5,3,2,2,4,4,1,5,4,4,2,4,3,5,2,5,4,5,4,3,Photography
1,5,1,1,1,5,1,4,5,5,1,3,3,2,3,3,5,2,2,5,Photography
2,1,3,4,5,4,2,2,3,3,4,1,1,3,1,2,1,2,2,5,Photography
1,1,4,2,2,3,2,1,5,4,3,1,5,4,1,3,1,2,4,3,Photography
2,5,3,2,4,4,5,5,2,3,3,1,3,2,2,4,5,4,2,4,Photography
1,2,1,1,3,2,4,2,3,4,3,5,3,1,5,3,1,5,5,5,Photography
1,2,5,5,4,2,5,1,2,1,5,5,5,4,3,5,2,2,3,1,Photography
5,5,5,5,1,2,4,1,3,4,5,1,4,2,5,2,1,3,3,2,Photography
